AA_pos,ref_AA,alt_AA,nuc_pos,ref_nuc,alt_nuc,count,relative_abundance
1012,Y,S,42471096,A,C,8.84149845715852e-06
1004,G,V,42471403,G,T,8.84149845715852e-06
1004,G,A,42471403,G,C,4.4207492285792594e-05
1004,G,E,42471403,G,A,8.84149845715852e-06
1000,R,G,42471416,C,G,8.84149845715852e-06
990,V,I,42471446,G,A,1.768299691431704e-05
988,I,V,42471452,A,G,8.84149845715852e-06
986,F,C,42471457,T,G,8.84149845715852e-06
977,W,G,42471485,T,G,8.84149845715852e-06
976,S,N,42471487,G,A,8.84149845715852e-06
969,R,C,42471830,C,T,2.652449537147556e-05
966,V,M,42471839,G,A,1.768299691431704e-05
941,N,K,42471912,C,G,8.84149845715852e-06
905,E,D,42473041,G,T,3.536599382863408e-05
903,V,L,42473049,G,T,8.84149845715852e-06
885,V,I,42473622,G,A,0.0001856714676003289
883,R,H,42473627,G,A,1.768299691431704e-05
872,N,K,42473659,C,A,4.4207492285792594e-05
871,G,S,42473664,G,A,7.957348611442667e-05
831,T,M,42474387,C,T,2.652449537147556e-05
830,R,Q,42474390,G,A,7.073198765726816e-05
830,R,G,42474391,C,G,8.84149845715852e-06
820,D,N,42474421,G,A,5.304899074295112e-05
817,A,T,42474430,G,A,8.84149845715852e-06
807,V,I,42474460,G,A,8.84149845715852e-06
774,I,V,42474638,A,G,8.84149845715852e-06
724,M,V,42479874,A,G,8.84149845715852e-06
717,K,N,42479893,G,C,8.84149845715852e-06
708,G,C,42479922,G,T,8.84149845715852e-06
706,G,R,42479928,G,A,8.84149845715852e-06
701,I,T,42479942,T,C,8.84149845715852e-06
699,G,R,42479949,G,C,8.84149845715852e-06
698,Q,H,42480568,G,C,1.768299691431704e-05
691,I,V,42480591,A,G,8.84149845715852e-06
679,V,I,42480627,G,A,8.84149845715852e-06
676,T,P,42480636,A,C,8.84149845715852e-06
670,E,K,42480654,G,A,8.84149845715852e-06
666,E,K,42480666,G,A,8.84149845715852e-06
665,S,P,42480669,T,C,8.84149845715852e-06
659,D,N,42480687,G,A,8.84149845715852e-06
659,D,H,42480687,G,C,1.768299691431704e-05
649,D,V,42480716,A,T,8.84149845715852e-06
642,V,I,42482107,G,A,7.073198765726816e-05
639,N,D,42482116,A,G,8.84149845715852e-06
636,A,T,42482125,G,A,5.304899074295112e-05
635,A,T,42482128,G,A,8.84149845715852e-06
629,E,K,42482146,G,A,8.84149845715852e-06
579,M,L,42482374,A,C,8.84149845715852e-06
576,V,M,42482383,G,A,8.84149845715852e-06
572,N,D,42482395,A,G,6.189048920010964e-05
571,D,N,42482398,G,A,1.768299691431704e-05
561,F,S,42482427,T,C,8.84149845715852e-06
558,G,S,42482437,G,A,8.84149845715852e-06
552,E,Q,42482455,G,C,8.84149845715852e-06
522,E,K,42482824,G,A,8.84149845715852e-06
521,D,E,42482825,C,A,1.768299691431704e-05
517,E,K,42482839,G,A,8.84149845715852e-06
507,R,H,42482868,G,A,6.189048920010964e-05
507,R,C,42482869,C,T,1.768299691431704e-05
503,R,C,42482881,C,T,8.84149845715852e-06
492,R,Q,42482913,G,A,1.768299691431704e-05
491,N,S,42482916,A,G,2.652449537147556e-05
490,D,N,42482920,G,A,8.84149845715852e-06
489,N,K,42482921,C,G,8.84149845715852e-06
476,N,K,42485663,C,G,8.84149845715852e-06
471,P,L,42485679,C,T,8.84149845715852e-06
471,P,T,42485680,C,A,8.84149845715852e-06
468,A,V,42485688,C,T,8.84149845715852e-06
463,R,H,42485703,G,A,2.652449537147556e-05
463,R,C,42485704,C,T,0.0005746973997153037
461,R,C,42485710,C,T,8.84149845715852e-06
444,S,T,42485761,T,A,8.84149845715852e-06
438,A,T,42485779,G,A,8.84149845715852e-06
428,D,G,42485893,A,G,8.84149845715852e-06
422,V,A,42485911,T,C,3.536599382863408e-05
421,A,S,42485915,G,T,8.84149845715852e-06
413,H,R,42485938,A,G,8.84149845715852e-06
413,H,Y,42485939,C,T,8.84149845715852e-06
405,S,L,42485962,C,T,8.84149845715852e-06
398,G,R,42486060,G,A,8.84149845715852e-06
390,A,S,42486084,G,T,8.84149845715852e-06
343,R,Q,42486224,G,A,8.84149845715852e-06
343,R,W,42486225,C,T,8.84149845715852e-06
340,R,C,42486234,C,T,8.84149845715852e-06
311,V,I,42489132,G,A,8.84149845715852e-06
288,V,M,42489201,G,A,8.84149845715852e-06
288,V,L,42489201,G,C,8.84149845715852e-06
269,V,M,42489258,G,A,8.84149845715852e-06
254,R,C,42489303,C,T,8.84149845715852e-06
247,V,M,42489324,G,A,5.304899074295112e-05
238,N,S,42489469,A,G,8.84149845715852e-06
230,R,P,42489493,G,C,8.84149845715852e-06
230,R,W,42489494,C,T,8.84149845715852e-06
221,C,Y,42489520,G,A,8.84149845715852e-06
219,P,A,42489527,C,G,8.84149845715852e-06
218,S,T,42489530,T,A,8.84149845715852e-06
217,R,C,42489533,C,T,8.84149845715852e-06
203,V,L,42489575,G,T,8.84149845715852e-06
184,K,R,42490071,A,G,8.84149845715852e-06
172,A,T,42490108,G,A,8.84149845715852e-06
115,P,R,42492101,C,G,8.84149845715852e-06
114,D,N,42492105,G,A,8.84149845715852e-06
106,G,S,42492129,G,A,8.84149845715852e-06
84,R,Q,42492194,G,A,1.768299691431704e-05
80,V,I,42492207,G,A,8.84149845715852e-06
72,P,T,42492231,C,A,8.84149845715852e-06
64,R,Q,42492254,G,A,1.768299691431704e-05
43,R,Q,42492495,G,A,8.84149845715852e-06
43,R,W,42492496,C,T,8.84149845715852e-06
29,V,A,42492635,T,C,8.84149845715852e-06
20,R,G,42492663,C,G,8.84149845715852e-06
19,R,H,42492665,G,A,2.652449537147556e-05
19,R,C,42492666,C,T,4.4207492285792594e-05
16,G,S,42492675,G,A,8.84149845715852e-06
13,K,T,42492683,A,C,8.84149845715852e-06
11,P,A,42492690,C,G,8.84149845715852e-06
9,D,E,42492694,C,G,8.84149845715852e-06
9,D,G,42492695,A,G,1.768299691431704e-05
7,D,E,42492700,C,G,8.84149845715852e-06
7,D,N,42492702,G,A,8.84149845715852e-06
6,D,E,42492703,T,G,1.768299691431704e-05
2,G,A,42498224,G,C,8.84149845715852e-06
1002,N,N,42471408,C,T,2.652449537147556e-05
992,D,D,42471438,C,T,0.0005481729043438282
991,Y,Y,42471441,C,T,3.536599382863408e-05
989,F,F,42471447,C,T,1.768299691431704e-05
982,F,F,42471468,C,T,8.84149845715852e-06
969,R,R,42471828,C,T,8.84149845715852e-06
968,L,L,42471831,G,A,8.84149845715852e-06
965,D,D,42471840,C,T,6.189048920010964e-05
962,P,P,42471849,C,T,7.957348611442667e-05
959,S,S,42471858,C,T,8.84149845715852e-06
957,F,F,42471864,C,T,8.84149845715852e-06
952,T,T,42471879,G,A,5.304899074295112e-05
946,F,F,42471897,C,T,0.0005658559012581452
933,S,S,42472957,G,C,1.768299691431704e-05
933,S,S,42472957,G,A,8.84149845715852e-06
930,R,R,42472966,G,A,8.84149845715852e-06
927,C,C,42472975,C,T,8.84149845715852e-06
918,V,V,42473002,C,T,1.768299691431704e-05
916,I,I,42473008,C,T,8.84149845715852e-06
892,Y,Y,42473599,C,T,1.768299691431704e-05
883,R,R,42473626,C,T,8.84149845715852e-06
878,L,L,42473641,G,A,0.00010609798148590223
876,I,I,42473647,C,T,8.84149845715852e-06
873,L,L,42473658,C,T,8.84149845715852e-06
872,N,N,42473659,C,T,8.84149845715852e-06
870,P,P,42473665,C,T,0.003907942318064066
855,G,G,42473710,C,T,8.84149845715852e-06
853,L,L,42473716,C,T,0.00010609798148590223
851,Q,Q,42473722,G,A,8.84149845715852e-06
844,Y,Y,42474347,C,T,8.84149845715852e-06
834,L,L,42474379,T,C,8.84149845715852e-06
831,T,T,42474386,G,C,1.768299691431704e-05
831,T,T,42474386,G,A,0.00017682996914317038
829,P,P,42474392,G,A,0.008151861577500155
823,K,K,42474410,G,A,8.84149845715852e-06
819,S,S,42474422,C,T,1.768299691431704e-05
817,A,A,42474428,C,T,2.652449537147556e-05
815,E,E,42474434,G,A,8.84149845715852e-06
814,Y,Y,42474437,C,T,1.768299691431704e-05
813,A,A,42474440,G,A,5.304899074295112e-05
808,P,P,42474455,T,G,8.84149845715852e-06
803,G,G,42474549,C,T,8.84149845715852e-06
800,I,I,42474558,C,T,8.84149845715852e-06
789,P,P,42474591,G,A,3.536599382863408e-05
778,T,T,42474624,G,A,0.000919515839544486
777,I,I,42474627,C,T,8.84149845715852e-06
775,P,P,42474633,G,A,8.841498457158519e-05
773,N,N,42474639,T,C,0.005172276597437734
765,S,S,42474663,C,T,8.84149845715852e-06
759,F,F,42474681,C,T,4.4207492285792594e-05
751,G,G,42479791,G,A,8.84149845715852e-06
748,I,I,42479800,C,T,1.768299691431704e-05
742,D,D,42479818,C,T,0.00012378097840021928
730,D,D,42479854,C,T,6.189048920010964e-05
726,I,I,42479866,C,T,4.4207492285792594e-05
718,A,A,42479890,C,T,9.725648302874372e-05
713,P,P,42479905,C,G,8.84149845715852e-06
713,P,P,42479905,C,T,8.84149845715852e-06
705,T,T,42479929,C,T,7.957348611442667e-05
703,A,A,42479935,T,G,8.84149845715852e-06
683,T,T,42480613,A,G,8.84149845715852e-06
680,F,F,42480622,C,T,7.073198765726816e-05
679,V,V,42480625,C,G,8.84149845715852e-06
676,T,T,42480634,C,T,8.84149845715852e-06
669,D,D,42480655,C,T,3.536599382863408e-05
668,I,I,42480658,C,T,5.304899074295112e-05
665,S,S,42480667,C,T,3.536599382863408e-05
664,T,T,42480670,C,T,8.84149845715852e-06
658,T,T,42480688,C,T,0.0001414639753145363
656,H,H,42480694,C,T,8.841498457158519e-05
653,C,C,42480703,C,T,1.768299691431704e-05
641,P,P,42482108,C,T,8.841498457158519e-05
641,P,P,42482108,C,G,8.84149845715852e-06
635,A,A,42482126,C,T,5.304899074295112e-05
630,T,T,42482141,T,C,8.84149845715852e-06
628,N,N,42482147,C,T,1.768299691431704e-05
627,G,G,42482150,C,T,8.84149845715852e-06
623,I,I,42482162,C,T,8.84149845715852e-06
613,T,T,42482192,G,A,1.768299691431704e-05
611,P,P,42482198,C,A,8.84149845715852e-06
608,G,G,42482207,C,T,8.84149845715852e-06
607,T,T,42482210,C,T,8.84149845715852e-06
607,T,T,42482210,C,A,8.84149845715852e-06
598,S,S,42482315,C,T,2.652449537147556e-05
592,A,A,42482333,G,A,0.0002298789598861215
591,D,D,42482336,C,T,3.536599382863408e-05
588,A,A,42482345,C,T,8.84149845715852e-06
582,I,I,42482363,C,T,2.652449537147556e-05
572,N,N,42482393,C,T,2.652449537147556e-05
570,T,T,42482399,G,A,8.84149845715852e-06
569,T,T,42482402,C,A,1.768299691431704e-05
565,D,D,42482414,C,T,0.00029176944908623114
561,F,F,42482426,C,T,1.768299691431704e-05
541,R,R,42482765,C,T,5.304899074295112e-05
535,L,L,42482783,C,T,1.768299691431704e-05
509,S,S,42482861,C,T,0.003731112348920895
501,P,P,42482885,C,T,0.00012378097840021928
501,P,P,42482885,C,G,8.84149845715852e-06
500,A,A,42482888,C,T,8.841498457158519e-05
500,A,A,42482888,C,A,8.84149845715852e-06
489,N,N,42482921,C,T,3.536599382863408e-05
485,T,T,42482933,C,T,2.652449537147556e-05
485,T,T,42482933,C,G,3.536599382863408e-05
470,I,I,42485681,T,C,1.768299691431704e-05
456,S,S,42485723,C,T,1.768299691431704e-05
455,G,G,42485726,C,G,8.84149845715852e-06
450,I,I,42485741,C,T,0.00011493947994306075
448,K,K,42485747,G,A,3.536599382863408e-05
445,A,A,42485756,C,A,8.84149845715852e-06
443,E,E,42485762,G,A,8.84149845715852e-06
441,A,A,42485768,G,A,0.008284484054357532
441,A,A,42485768,G,T,1.768299691431704e-05
432,V,V,42485880,G,T,2.652449537147556e-05
427,Q,Q,42485895,G,A,0.00022103746142896298
420,R,R,42485916,C,T,0.00034481843982918223
420,R,R,42485916,C,G,8.84149845715852e-06
418,C,C,42485922,C,T,1.768299691431704e-05
402,D,D,42485970,C,T,8.84149845715852e-06
399,T,T,42485979,C,A,6.189048920010964e-05
399,T,T,42485979,C,T,2.652449537147556e-05
394,E,E,42486070,G,A,8.84149845715852e-06
388,H,H,42486088,C,T,1.768299691431704e-05
378,V,V,42486118,C,T,0.0001326224768573778
377,T,T,42486121,A,G,3.536599382863408e-05
369,G,G,42486145,G,A,8.84149845715852e-06
368,T,T,42486148,A,G,8.84149845715852e-06
362,T,T,42486166,C,T,0.0003713429352006578
360,T,T,42486172,G,A,3.536599382863408e-05
351,L,L,42486201,C,T,8.84149845715852e-06
343,R,R,42486223,G,A,8.84149845715852e-06
339,K,K,42486235,G,A,6.189048920010964e-05
337,T,T,42486241,C,T,8.84149845715852e-06
335,T,T,42486247,G,A,6.189048920010964e-05
334,L,L,42486250,G,A,8.84149845715852e-06
326,L,L,42489085,G,C,8.84149845715852e-06
318,I,I,42489109,C,T,2.652449537147556e-05
318,I,I,42489109,C,A,2.652449537147556e-05
317,I,I,42489112,C,A,1.768299691431704e-05
314,L,L,42489121,C,T,8.84149845715852e-06
305,Y,Y,42489148,C,T,0.00012378097840021928
303,L,L,42489154,C,T,6.189048920010964e-05
303,L,L,42489154,C,G,8.84149845715852e-06
293,G,G,42489184,T,C,8.84149845715852e-06
287,G,G,42489202,C,T,1.768299691431704e-05
286,T,T,42489205,C,T,8.841498457158519e-05
284,L,L,42489211,C,T,2.652449537147556e-05
276,I,I,42489235,C,T,2.652449537147556e-05
274,I,I,42489241,C,T,4.4207492285792594e-05
273,P,P,42489244,C,A,8.84149845715852e-06
272,T,T,42489247,G,A,0.0013527492639452533
268,E,E,42489259,G,A,8.84149845715852e-06
262,T,T,42489277,C,T,4.4207492285792594e-05
252,G,G,42489307,C,T,5.304899074295112e-05
251,T,T,42489310,G,A,2.652449537147556e-05
247,V,V,42489322,G,C,0.0001414639753145363
243,T,T,42489334,G,A,1.768299691431704e-05
236,S,S,42489474,C,T,3.536599382863408e-05
235,F,F,42489477,T,C,8.84149845715852e-06
233,T,T,42489483,C,A,2.652449537147556e-05
226,P,P,42489504,C,G,3.536599382863408e-05
226,P,P,42489504,C,T,8.84149845715852e-06
223,H,H,42489513,C,T,1.768299691431704e-05
222,T,T,42489516,T,G,0.9546873204070626
222,T,T,42489516,T,A,0.00015914697222885334
219,P,P,42489525,C,T,4.4207492285792594e-05
212,S,S,42489546,C,T,2.652449537147556e-05
210,G,G,42489552,C,T,8.84149845715852e-06
199,H,H,42490025,C,T,9.725648302874372e-05
193,L,L,42490043,G,T,8.84149845715852e-06
177,V,V,42490091,C,T,2.652449537147556e-05
177,V,V,42490091,C,A,8.84149845715852e-06
171,N,N,42490109,C,T,2.652449537147556e-05
133,T,T,42490340,T,A,8.84149845715852e-06
128,A,A,42490355,C,T,1.768299691431704e-05
128,A,A,42490355,C,G,8.84149845715852e-06
121,Y,Y,42490376,C,T,0.0008753083472586934
118,D,D,42492091,C,T,8.84149845715852e-06
111,T,T,42492112,C,T,8.84149845715852e-06
109,A,A,42492118,G,A,7.073198765726816e-05
105,Y,Y,42492130,C,T,0.00012378097840021928
101,C,C,42492142,C,T,8.84149845715852e-06
98,A,A,42492151,T,C,8.84149845715852e-06
97,G,G,42492154,G,A,8.84149845715852e-06
96,I,I,42492157,C,T,0.00016798847068601186
90,F,F,42492175,C,T,8.84149845715852e-06
88,G,G,42492181,G,A,8.84149845715852e-06
81,K,K,42492202,G,A,0.00015030547377169483
80,V,V,42492205,C,T,8.84149845715852e-06
76,T,T,42492217,C,A,1.768299691431704e-05
73,P,P,42492226,G,A,1.768299691431704e-05
69,A,A,42492238,A,T,0.0015118962361741067
69,A,A,42492238,A,C,8.84149845715852e-06
68,N,N,42492241,C,T,1.768299691431704e-05
67,P,P,42492244,T,C,8.84149845715852e-06
67,P,P,42492244,T,A,8.84149845715852e-06
64,R,R,42492253,G,A,0.0001414639753145363
55,H,H,42492280,C,T,8.84149845715852e-06
49,C,C,42492476,T,C,0.0001856714676003289
45,Y,Y,42492488,C,T,8.84149845715852e-06
44,K,K,42492491,A,G,8.84149845715852e-06
21,D,D,42492658,C,T,1.768299691431704e-05
18,E,E,42492667,G,A,3.536599382863408e-05
6,D,D,42492703,T,C,8.84149845715852e-06
