AA_pos,ref_AA,alt_AA,nuc_pos,benchling_pos,exon,5_intron_distance,3_intron_distance,shortest_distance,ref_nuc,alt_nuc,count
1012,Y,S,30554,3189,23,21,363,21,A,C,1
1004,G,V,30247,3165,22,89,3,3,G,T,1
1004,G,A,30247,3165,22,89,3,3,G,C,5
1004,G,E,30247,3165,22,89,3,3,G,A,1
1000,R,G,30234,3152,22,76,16,16,C,G,1
990,V,I,30204,3122,22,46,46,46,G,A,2
988,I,V,30198,3116,22,40,52,40,A,G,1
986,F,C,30193,3111,22,35,57,35,T,G,1
977,W,G,30165,3083,22,7,85,7,T,G,1
976,S,N,30163,3081,22,5,87,5,G,A,1
969,R,C,29820,3059,21,85,17,17,C,T,3
966,V,M,29811,3050,21,76,26,26,G,A,2
941,N,K,29738,2977,21,3,99,3,C,G,1
905,E,D,28609,2869,20,26,105,26,G,T,4
903,V,L,28601,2861,20,18,113,18,G,T,1
885,V,I,28028,2807,19,110,36,36,G,A,21
883,R,H,28023,2802,19,105,41,41,G,A,2
872,N,K,27991,2770,19,73,73,73,C,A,5
871,G,S,27986,2765,19,68,78,68,G,A,9
831,T,M,27263,2646,18,73,51,51,C,T,3
830,R,Q,27260,2643,18,70,54,54,G,A,8
830,R,G,27259,2642,18,69,55,55,C,G,1
820,D,N,27229,2612,18,39,85,39,G,A,6
817,A,T,27220,2603,18,30,94,30,G,A,1
807,V,I,27190,2575,18,0,124,0,G,A,1
774,I,V,27012,2474,17,56,99,56,A,G,1
724,M,V,21776,2324,16,75,94,75,A,G,1
717,K,N,21757,2305,16,56,113,56,G,C,1
708,G,C,21728,2276,16,27,142,27,G,T,1
706,G,R,21722,2270,16,21,148,21,G,A,1
701,I,T,21708,2256,16,7,162,7,T,C,1
699,G,R,21701,2249,16,0,169,0,G,C,1
698,Q,H,21082,2248,15,151,1,1,G,C,2
691,I,V,21059,2225,15,127,24,24,A,G,1
679,V,I,21023,2189,15,91,60,60,G,A,1
676,T,P,21014,2180,15,82,69,69,A,C,1
670,E,K,20996,2162,15,64,87,64,G,A,1
666,E,K,20984,2150,15,52,99,52,G,A,1
665,S,P,20981,2147,15,49,102,49,T,C,1
659,D,N,20963,2129,15,31,120,31,G,A,1
659,D,H,20963,2129,15,31,120,31,G,C,2
649,D,V,20934,2100,15,2,149,2,A,T,1
642,V,I,19543,2078,14,117,20,20,G,A,8
639,N,D,19534,2069,14,108,29,29,A,G,1
636,A,T,19525,2060,14,99,38,38,G,A,6
635,A,T,19522,2057,14,96,41,41,G,A,1
629,E,K,19504,2039,14,78,59,59,G,A,1
579,M,L,19276,1889,13,104,72,72,A,C,1
576,V,M,19267,1880,13,95,81,81,G,A,1
572,N,D,19255,1868,13,83,93,83,A,G,7
571,D,N,19252,1865,13,80,96,80,G,A,2
561,F,S,19223,1836,13,51,125,51,T,C,1
558,G,S,19213,1826,13,41,135,41,G,A,1
552,E,Q,19195,1808,13,23,153,23,G,C,1
522,E,K,18826,1718,12,126,67,67,G,A,1
521,D,E,18825,1717,12,125,68,68,C,A,2
517,E,K,18811,1703,12,111,82,82,G,A,1
507,R,H,18782,1674,12,82,111,82,G,A,7
507,R,C,18781,1673,12,81,112,81,C,T,2
503,R,C,18769,1661,12,69,124,69,C,T,1
492,R,Q,18737,1629,12,37,156,37,G,A,2
491,N,S,18734,1626,12,34,159,34,A,G,3
490,D,N,18730,1622,12,30,163,30,G,A,1
489,N,K,18729,1621,12,29,164,29,C,G,1
476,N,K,15987,1582,11,125,10,10,C,G,1
471,P,L,15971,1566,11,109,26,26,C,T,1
471,P,T,15970,1565,11,108,27,27,C,A,1
468,A,V,15962,1557,11,100,35,35,C,T,1
463,R,H,15947,1542,11,85,50,50,G,A,3
463,R,C,15946,1541,11,84,51,51,C,T,65
461,R,C,15940,1535,11,78,57,57,C,T,1
444,S,T,15889,1484,11,27,108,27,T,A,1
438,A,T,15871,1466,11,9,126,9,G,A,1
428,D,G,15757,1437,10,90,20,20,A,G,1
422,V,A,15739,1419,10,72,38,38,T,C,4
421,A,S,15735,1415,10,68,42,42,G,T,1
413,H,R,15712,1392,10,45,65,45,A,G,1
413,H,Y,15711,1391,10,44,66,44,C,T,1
405,S,L,15688,1368,10,21,89,21,C,T,1
398,G,R,15590,1346,9,198,1,1,G,A,1
390,A,S,15566,1322,9,174,25,25,G,T,1
343,R,Q,15426,1182,9,34,165,34,G,A,1
343,R,W,15425,1181,9,33,166,33,C,T,1
340,R,C,15416,1172,9,24,175,24,C,T,1
311,V,I,12518,1085,8,206,63,63,G,A,1
288,V,M,12449,1016,8,137,132,132,G,A,1
288,V,L,12449,1016,8,137,132,132,G,C,1
269,V,M,12392,959,8,80,189,80,G,A,1
254,R,C,12347,914,8,35,234,35,C,T,1
247,V,M,12326,893,8,14,255,14,G,A,6
238,N,S,12181,867,7,106,12,12,A,G,1
230,R,P,12157,843,7,82,36,36,G,C,1
230,R,W,12156,842,7,81,37,37,C,T,1
221,C,Y,12130,816,7,55,63,55,G,A,1
219,P,A,12123,809,7,48,70,48,C,G,1
218,S,T,12120,806,7,45,73,45,T,A,1
217,R,C,12117,803,7,42,76,42,C,T,1
203,V,L,12075,761,7,0,118,0,G,T,1
184,K,R,11579,705,6,79,56,56,A,G,1
172,A,T,11542,668,6,42,93,42,G,A,1
115,P,R,9549,498,4,190,14,14,C,G,1
114,D,N,9545,494,4,186,18,18,G,A,1
106,G,S,9521,470,4,162,42,42,G,A,1
84,R,Q,9456,405,4,97,107,97,G,A,2
80,V,I,9443,392,4,84,120,84,G,A,1
72,P,T,9419,368,4,60,144,60,C,A,1
64,R,Q,9396,345,4,37,167,37,G,A,2
43,R,Q,9155,282,3,34,26,26,G,A,1
43,R,W,9154,281,3,33,27,27,C,T,1
29,V,A,9015,240,2,79,8,8,T,C,1
20,R,G,8987,212,2,51,36,36,C,G,1
19,R,H,8985,210,2,49,38,38,G,A,3
19,R,C,8984,209,2,48,39,39,C,T,5
16,G,S,8975,200,2,39,48,39,G,A,1
13,K,T,8967,192,2,31,56,31,A,C,1
11,P,A,8960,185,2,24,63,24,C,G,1
9,D,E,8956,181,2,20,67,20,C,G,1
9,D,G,8955,180,2,19,68,19,A,G,2
7,D,E,8950,175,2,14,73,14,C,G,1
7,D,N,8948,173,2,12,75,12,G,A,1
6,D,E,8947,172,2,10,77,10,T,G,2
2,G,A,3426,159,1,158,2,2,G,C,1
1002,N,N,30242,3160,,,,,C,T,3
992,D,D,30212,3130,,,,,C,T,62
991,Y,Y,30209,3127,,,,,C,T,4
989,F,F,30203,3121,,,,,C,T,2
982,F,F,30182,3100,,,,,C,T,1
969,R,R,29822,3061,,,,,C,T,1
968,L,L,29819,3058,,,,,G,A,1
965,D,D,29810,3049,,,,,C,T,7
962,P,P,29801,3040,,,,,C,T,9
959,S,S,29792,3031,,,,,C,T,1
957,F,F,29786,3025,,,,,C,T,1
952,T,T,29771,3010,,,,,G,A,6
946,F,F,29753,2992,,,,,C,T,64
933,S,S,28693,2953,,,,,G,C,2
933,S,S,28693,2953,,,,,G,A,1
930,R,R,28684,2944,,,,,G,A,1
927,C,C,28675,2935,,,,,C,T,1
918,V,V,28648,2908,,,,,C,T,2
916,I,I,28642,2902,,,,,C,T,1
892,Y,Y,28051,2830,,,,,C,T,2
883,R,R,28024,2803,,,,,C,T,1
878,L,L,28009,2788,,,,,G,A,12
876,I,I,28003,2782,,,,,C,T,1
873,L,L,27992,2771,,,,,C,T,1
872,N,N,27991,2770,,,,,C,T,1
870,P,P,27985,2764,,,,,C,T,442
855,G,G,27940,2719,,,,,C,T,1
853,L,L,27934,2713,,,,,C,T,12
851,Q,Q,27928,2707,,,,,G,A,1
844,Y,Y,27303,2686,,,,,C,T,1
834,L,L,27271,2654,,,,,T,C,1
831,T,T,27264,2647,,,,,G,C,2
831,T,T,27264,2647,,,,,G,A,20
829,P,P,27258,2641,,,,,G,A,922
823,K,K,27240,2623,,,,,G,A,1
819,S,S,27228,2611,,,,,C,T,2
817,A,A,27222,2605,,,,,C,T,3
815,E,E,27216,2599,,,,,G,A,1
814,Y,Y,27213,2596,,,,,C,T,2
813,A,A,27210,2593,,,,,G,A,6
808,P,P,27195,2578,,,,,T,G,1
803,G,G,27101,2563,,,,,C,T,1
800,I,I,27092,2554,,,,,C,T,1
789,P,P,27059,2521,,,,,G,A,4
778,T,T,27026,2488,,,,,G,A,104
777,I,I,27023,2485,,,,,C,T,1
775,P,P,27017,2479,,,,,G,A,10
773,N,N,27011,2473,,,,,T,C,585
765,S,S,26987,2449,,,,,C,T,1
759,F,F,26969,2431,,,,,C,T,5
751,G,G,21859,2407,,,,,G,A,1
748,I,I,21850,2398,,,,,C,T,2
742,D,D,21832,2380,,,,,C,T,14
730,D,D,21796,2344,,,,,C,T,7
726,I,I,21784,2332,,,,,C,T,5
718,A,A,21760,2308,,,,,C,T,11
713,P,P,21745,2293,,,,,C,G,1
713,P,P,21745,2293,,,,,C,T,1
705,T,T,21721,2269,,,,,C,T,9
703,A,A,21715,2263,,,,,T,G,1
683,T,T,21037,2203,,,,,A,G,1
680,F,F,21028,2194,,,,,C,T,8
679,V,V,21025,2191,,,,,C,G,1
676,T,T,21016,2182,,,,,C,T,1
669,D,D,20995,2161,,,,,C,T,4
668,I,I,20992,2158,,,,,C,T,6
665,S,S,20983,2149,,,,,C,T,4
664,T,T,20980,2146,,,,,C,T,1
658,T,T,20962,2128,,,,,C,T,16
656,H,H,20956,2122,,,,,C,T,10
653,C,C,20947,2113,,,,,C,T,2
641,P,P,19542,2077,,,,,C,T,10
641,P,P,19542,2077,,,,,C,G,1
635,A,A,19524,2059,,,,,C,T,6
630,T,T,19509,2044,,,,,T,C,1
628,N,N,19503,2038,,,,,C,T,2
627,G,G,19500,2035,,,,,C,T,1
623,I,I,19488,2023,,,,,C,T,1
613,T,T,19458,1993,,,,,G,A,2
611,P,P,19452,1987,,,,,C,A,1
608,G,G,19443,1978,,,,,C,T,1
607,T,T,19440,1975,,,,,C,T,1
607,T,T,19440,1975,,,,,C,A,1
598,S,S,19335,1948,,,,,C,T,3
592,A,A,19317,1930,,,,,G,A,26
591,D,D,19314,1927,,,,,C,T,4
588,A,A,19305,1918,,,,,C,T,1
582,I,I,19287,1900,,,,,C,T,3
572,N,N,19257,1870,,,,,C,T,3
570,T,T,19251,1864,,,,,G,A,1
569,T,T,19248,1861,,,,,C,A,2
565,D,D,19236,1849,,,,,C,T,33
561,F,F,19224,1837,,,,,C,T,2
541,R,R,18885,1777,,,,,C,T,6
535,L,L,18867,1759,,,,,C,T,2
509,S,S,18789,1681,,,,,C,T,422
501,P,P,18765,1657,,,,,C,T,14
501,P,P,18765,1657,,,,,C,G,1
500,A,A,18762,1654,,,,,C,T,10
500,A,A,18762,1654,,,,,C,A,1
489,N,N,18729,1621,,,,,C,T,4
485,T,T,18717,1609,,,,,C,T,3
485,T,T,18717,1609,,,,,C,G,4
470,I,I,15969,1564,,,,,T,C,2
456,S,S,15927,1522,,,,,C,T,2
455,G,G,15924,1519,,,,,C,G,1
450,I,I,15909,1504,,,,,C,T,13
448,K,K,15903,1498,,,,,G,A,4
445,A,A,15894,1489,,,,,C,A,1
443,E,E,15888,1483,,,,,G,A,1
441,A,A,15882,1477,,,,,G,A,937
441,A,A,15882,1477,,,,,G,T,2
432,V,V,15770,1450,,,,,G,T,3
427,Q,Q,15755,1435,,,,,G,A,25
420,R,R,15734,1414,,,,,C,T,39
420,R,R,15734,1414,,,,,C,G,1
418,C,C,15728,1408,,,,,C,T,2
402,D,D,15680,1360,,,,,C,T,1
399,T,T,15671,1351,,,,,C,A,7
399,T,T,15671,1351,,,,,C,T,3
394,E,E,15580,1366,,,,,G,A,1
388,H,H,15562,1318,,,,,C,T,2
378,V,V,15532,1288,,,,,C,T,15
377,T,T,15529,1285,,,,,A,G,4
369,G,G,15505,1261,,,,,G,A,1
368,T,T,15502,1258,,,,,A,G,1
362,T,T,15484,1240,,,,,C,T,42
360,T,T,15478,1234,,,,,G,A,4
351,L,L,15449,1207,,,,,C,T,1
343,R,R,15427,1183,,,,,G,A,1
339,K,K,15415,1171,,,,,G,A,7
337,T,T,15409,1165,,,,,C,T,1
335,T,T,15403,1159,,,,,G,A,7
334,L,L,15400,1156,,,,,G,A,1
326,L,L,12565,1132,,,,,G,C,1
318,I,I,12541,1108,,,,,C,T,3
318,I,I,12541,1108,,,,,C,A,3
317,I,I,12538,1105,,,,,C,A,2
314,L,L,12529,1096,,,,,C,T,1
305,Y,Y,12502,1069,,,,,C,T,14
303,L,L,12496,1063,,,,,C,T,7
303,L,L,12496,1063,,,,,C,G,1
293,G,G,12466,1033,,,,,T,C,1
287,G,G,12448,1015,,,,,C,T,2
286,T,T,12445,1012,,,,,C,T,10
284,L,L,12439,1006,,,,,C,T,3
276,I,I,12415,982,,,,,C,T,3
274,I,I,12409,976,,,,,C,T,5
273,P,P,12406,973,,,,,C,A,1
272,T,T,12403,970,,,,,G,A,153
268,E,E,12391,958,,,,,G,A,1
262,T,T,12373,940,,,,,C,T,5
252,G,G,12343,910,,,,,C,T,6
251,T,T,12340,907,,,,,G,A,3
247,V,V,12328,895,,,,,G,C,16
243,T,T,12316,883,,,,,G,A,2
236,S,S,12176,862,,,,,C,T,4
235,F,F,12173,859,,,,,T,C,1
233,T,T,12167,853,,,,,C,A,3
226,P,P,12146,832,,,,,C,G,4
226,P,P,12146,832,,,,,C,T,1
223,H,H,12137,823,,,,,C,T,2
222,T,T,12134,820,,,,,T,G,107978
222,T,T,12134,820,,,,,T,A,18
219,P,P,12125,811,,,,,C,T,5
212,S,S,12104,790,,,,,C,T,3
210,G,G,12098,784,,,,,C,T,1
199,H,H,11625,751,,,,,C,T,11
193,L,L,11607,733,,,,,G,T,1
177,V,V,11559,685,,,,,C,T,3
177,V,V,11559,685,,,,,C,A,1
171,N,N,11541,667,,,,,C,T,3
133,T,T,11310,553,,,,,T,A,1
128,A,A,11295,538,,,,,C,T,2
128,A,A,11295,538,,,,,C,G,1
121,Y,Y,11274,517,,,,,C,T,99
118,D,D,9559,508,,,,,C,T,1
111,T,T,9538,487,,,,,C,T,1
109,A,A,9532,481,,,,,G,A,8
105,Y,Y,9520,469,,,,,C,T,14
101,C,C,9508,457,,,,,C,T,1
98,A,A,9499,448,,,,,T,C,1
97,G,G,9496,445,,,,,G,A,1
96,I,I,9493,442,,,,,C,T,19
90,F,F,9475,424,,,,,C,T,1
88,G,G,9469,418,,,,,G,A,1
81,K,K,9448,397,,,,,G,A,17
80,V,V,9445,394,,,,,C,T,1
76,T,T,9433,382,,,,,C,A,2
73,P,P,9424,373,,,,,G,A,2
69,A,A,9412,361,,,,,A,T,171
69,A,A,9412,361,,,,,A,C,1
68,N,N,9409,358,,,,,C,T,2
67,P,P,9406,355,,,,,T,C,1
67,P,P,9406,355,,,,,T,A,1
64,R,R,9397,346,,,,,G,A,16
55,H,H,9370,319,,,,,C,T,1
49,C,C,9174,301,,,,,T,C,21
45,Y,Y,9162,289,,,,,C,T,1
44,K,K,9159,286,,,,,A,G,1
21,D,D,8992,217,,,,,C,T,2
18,E,E,8983,208,,,,,G,A,4
6,D,D,8947,172,,,,,T,C,1
