pos,score,normalized_score,consurf_grade
1,42.361,3.3,1
2,57.401,3.3,1
3,90.102,1.608,1
4,85.616,3.242,1
5,51.536,3.272,1
6,79.861,2.977,1
7,49.306,3.296,1
8,47.635,3.3,1
9,37.075,3.3,1
10,56.522,3.291,1
11,64.384,3.289,1
12,94.097,0.65,1
13,87.5,1,1
14,37.179,3.3,1
15,94.203,0.232,3
16,55.906,3.3,1
17,89.686,1.365,1
18,36.154,3.3,1
19,44.561,3.3,1
20,53.898,0.332,2
21,96.622,0.02,5
22,60.912,2.847,1
23,93.77,0.713,1
24,90.909,0.99,1
25,98.701,-0.075,6
26,98.701,-0.191,7
27,98.058,-0.251,7
28,98.382,-0.175,6
29,99.351,-0.426,9
30,49.351,0.925,1
31,52,1.59,1
32,97.538,-0.199,7
33,98.16,-0.378,8
34,99.693,-0.479,9
35,98.466,-0.038,5
36,97.561,-0.236,7
37,97.561,-0.304,8
38,86.28,1.258,1
39,98.777,-0.283,7
40,100,-0.509,9
41,95.107,0.209,3
42,96.33,0.421,1
43,95.719,-0.019,5
44,99.694,-0.432,9
45,72.477,3.297,1
46,66.055,3.274,1
47,96.942,-0.147,6
48,99.694,-0.453,9
49,51.682,2.532,1
50,98.777,-0.413,8
51,98.471,-0.316,8
52,100,-0.476,9
53,98.471,-0.28,7
54,97.859,-0.374,8
55,49.541,0.352,2
56,51.682,0.305,2
57,88.073,2.833,1
58,100,-0.528,9
59,49.379,1.283,1
60,94.099,0.376,2
61,55.59,3.295,1
62,100,-0.478,9
63,72.981,3.299,1
64,99.068,-0.451,9
65,98.758,-0.382,8
66,100,-0.476,9
67,96.584,0.275,3
68,100,-0.53,9
69,93.789,0.37,2
70,100,-0.478,9
71,100,-0.532,9
72,100,-0.487,9
73,99.068,-0.395,8
74,99.689,-0.399,8
75,100,-0.532,9
76,98.447,-0.429,9
77,100,-0.487,9
78,99.068,-0.437,9
79,100,-0.378,8
80,91.615,1.038,1
81,100,-0.505,9
82,100,-0.474,9
83,100,-0.462,9
84,98.447,-0.451,9
85,99.689,-0.455,9
86,100,-0.478,9
87,100,-0.474,9
88,99.689,-0.377,8
89,100,-0.476,9
90,100,-0.474,9
91,99.689,-0.493,9
92,93.168,0.753,1
93,100,-0.478,9
94,100,-0.478,9
95,100,-0.378,8
96,76.708,3.291,1
97,99.689,-0.377,8
98,98.758,-0.472,9
99,98.137,-0.358,8
100,100,-0.478,9
101,100,-0.462,9
102,100,-0.474,9
103,98.758,-0.064,6
104,99.689,-0.476,9
105,99.689,-0.363,8
106,51.863,0.735,1
107,100,-0.529,9
108,98.447,-0.318,8
109,97.826,-0.293,7
110,49.689,1.351,1
111,96.894,-0.256,7
112,98.447,-0.359,8
113,95.652,0.392,2
114,67.081,3.253,1
115,98.758,-0.301,8
116,49.379,2.269,1
117,91.304,1.778,1
118,100,-0.516,9
119,99.689,-0.48,9
120,99.689,-0.38,8
121,100,-0.468,9
122,99.068,-0.38,8
123,99.689,-0.376,8
124,98.758,-0.418,9
125,100,-0.527,9
126,100,-0.478,9
127,51.863,1.103,1
128,95.342,0.075,4
129,100,-0.527,9
130,100,-0.527,9
131,83.23,2.125,1
132,95.342,0.094,4
133,100,-0.532,9
134,100,-0.476,9
135,100,-0.462,9
136,100,-0.474,9
137,100,-0.536,9
138,100,-0.468,9
139,51.863,0.988,1
140,100,-0.517,9
141,99.689,-0.438,9
142,99.068,-0.476,9
143,99.689,-0.432,9
144,99.689,-0.493,9
145,100,-0.536,9
146,99.689,-0.432,9
147,100,-0.529,9
148,100,-0.525,9
149,99.69,-0.438,9
150,100,-0.536,9
151,100,-0.474,9
152,99.69,-0.432,9
153,99.071,-0.367,8
154,100,-0.525,9
155,100,-0.527,9
156,100,-0.487,9
157,100,-0.517,9
158,98.777,-0.173,6
159,100,-0.528,9
160,99.39,-0.276,7
161,99.085,-0.352,8
162,100,-0.529,9
163,100,-0.515,9
164,98.476,-0.357,8
165,100,-0.476,9
166,99.39,-0.361,8
167,99.085,-0.432,9
168,76.292,0.749,1
169,97.872,-0.182,7
170,49.544,1.18,1
171,98.48,-0.278,7
172,98.784,-0.472,9
173,97.872,-0.105,6
174,85.41,1.256,1
175,99.696,-0.474,9
176,99.392,-0.413,8
177,51.976,0.69,1
178,100,-0.476,9
179,100,-0.516,9
180,99.696,-0.478,9
181,78.419,0.518,1
182,99.696,-0.438,9
183,50.152,0.46,1
184,100,-0.505,9
185,99.696,-0.376,8
186,100,-0.476,9
187,100,-0.516,9
188,99.088,-0.452,9
189,51.368,0.094,4
190,100,-0.487,9
191,100,-0.528,9
192,99.696,-0.453,9
193,79.635,1.026,1
194,99.696,-0.452,9
195,75.684,0.671,1
196,72.644,2.854,1
197,100,-0.536,9
198,78.723,1.146,1
199,98.48,-0.403,8
200,99.392,-0.272,7
201,99.696,-0.219,7
202,99.392,-0.139,6
203,99.392,-0.395,8
204,99.696,-0.369,8
205,99.696,-0.415,8
206,99.696,-0.438,9
207,98.784,-0.387,8
208,99.696,-0.274,7
209,99.696,-0.425,9
210,99.696,-0.273,7
211,99.696,-0.349,8
212,99.696,-0.44,9
213,99.696,-0.349,8
214,100,-0.487,9
215,99.392,-0.385,8
216,71.733,1.085,1
217,100,-0.515,9
218,99.088,-0.493,9
219,99.696,-0.398,8
220,97.568,0.063,4
221,98.48,0.298,3
222,100,-0.532,9
223,98.784,-0.206,7
224,96.353,0.165,4
225,99.696,-0.422,9
226,99.696,-0.305,8
227,99.696,-0.278,7
228,99.696,-0.357,8
229,99.696,-0.425,9
230,98.176,-0.167,6
231,99.696,-0.404,8
232,85.714,2.067,1
233,51.064,0.925,1
234,99.696,-0.25,7
235,99.696,-0.248,7
236,99.696,-0.437,9
237,99.696,-0.425,9
238,99.696,-0.415,8
239,99.696,-0.233,7
240,99.696,-0.41,8
241,99.696,-0.351,8
242,100,-0.476,9
243,99.696,-0.485,9
244,100,-0.528,9
245,100,-0.515,9
246,99.696,-0.27,7
247,52.584,0.964,1
248,99.696,-0.475,9
249,74.772,0.776,1
250,52.888,2.674,1
251,100,-0.532,9
252,100,-0.476,9
253,100,-0.516,9
254,97.872,-0.168,6
255,100,-0.532,9
256,97.872,-0.227,7
257,100,-0.525,9
258,100,-0.476,9
259,100,-0.515,9
260,100,-0.529,9
261,100,-0.528,9
262,93.921,-0.089,6
263,100,-0.478,9
264,58.967,1.262,1
265,100,-0.536,9
266,100,-0.476,9
267,100,-0.478,9
268,91.185,0.965,1
269,51.672,1.059,1
270,99.696,-0.376,8
271,98.784,-0.352,8
272,99.696,-0.484,9
273,100,-0.487,9
274,100,-0.529,9
275,99.696,-0.476,9
276,48.024,2.986,1
277,99.696,-0.435,9
278,100,-0.529,9
279,99.696,-0.509,9
280,100,-0.523,9
281,100,-0.474,9
282,100,-0.529,9
283,53.495,0.743,1
284,58.359,1.264,1
285,100,-0.529,9
286,100,-0.532,9
287,98.784,-0.269,7
288,100,-0.527,9
289,100,-0.528,9
290,100,-0.527,9
291,100,-0.474,9
292,100,-0.478,9
293,100,-0.476,9
294,89.362,1.776,1
295,62.31,2.172,1
296,100,-0.474,9
297,100,-0.474,9
298,80.547,3.3,1
299,100,-0.478,9
300,75.38,0.299,2
301,63.222,3.3,1
302,85.366,3.13,1
303,100,-0.478,9
304,100,-0.476,9
305,100,-0.468,9
306,58.537,3.3,1
307,100,-0.378,8
308,100,-0.478,9
309,98.476,-0.283,7
310,100,-0.528,9
311,99.695,-0.475,9
312,100,-0.529,9
313,100,-0.474,9
314,100,-0.478,9
315,100,-0.529,9
316,100,-0.476,9
317,100,-0.529,9
318,100,-0.529,9
319,100,-0.527,9
320,100,-0.528,9
321,100,-0.53,9
322,100,-0.527,9
323,100,-0.487,9
324,100,-0.509,9
325,100,-0.476,9
326,100,-0.478,9
327,100,-0.478,9
328,100,-0.528,9
329,100,-0.532,9
330,100,-0.527,9
331,100,-0.532,9
332,100,-0.527,9
333,100,-0.462,9
334,100,-0.478,9
335,100,-0.532,9
336,99.392,-0.277,7
337,100,-0.532,9
338,100,-0.528,9
339,100,-0.505,9
340,100,-0.515,9
341,100,-0.525,9
342,100,-0.528,9
343,76.596,0.833,1
344,100,-0.505,9
345,100,-0.53,9
346,100,-0.462,9
347,100,-0.478,9
348,100,-0.527,9
349,100,-0.505,9
350,99.696,-0.48,9
351,100,-0.478,9
352,100,-0.509,9
353,99.696,-0.528,9
354,99.696,-0.431,9
355,99.696,-0.436,9
356,99.696,-0.457,9
357,99.696,-0.478,9
358,100,-0.476,9
359,100,-0.536,9
360,100,-0.532,9
361,100,-0.536,9
362,100,-0.532,9
363,100,-0.529,9
364,100,-0.462,9
365,100,-0.536,9
366,100,-0.516,9
367,100,-0.505,9
368,100,-0.532,9
369,100,-0.476,9
370,100,-0.532,9
371,100,-0.478,9
372,100,-0.532,9
373,100,-0.517,9
374,100,-0.53,9
375,100,-0.515,9
376,100,-0.525,9
377,100,-0.532,9
378,100,-0.527,9
379,99.696,-0.476,9
380,99.696,-0.466,9
381,98.176,-0.29,7
382,99.696,-0.192,7
383,100,-0.474,9
384,99.696,-0.453,9
385,98.176,-0.365,8
386,98.176,-0.387,8
387,98.176,-0.418,9
388,96.96,-0.146,6
389,99.088,-0.273,7
390,99.392,-0.416,8
391,99.691,-0.449,9
392,98.48,-0.421,9
393,98.176,-0.427,9
394,98.48,-0.282,7
395,98.176,-0.311,8
396,98.476,-0.384,8
397,98.78,-0.44,9
398,100,-0.475,9
399,52.28,1.802,1
400,93.009,0.714,1
401,100,-0.474,9
402,98.48,-0.3,8
403,100,-0.505,9
404,94.225,0.183,3
405,100,-0.536,9
406,48.328,3.3,1
407,98.176,-0.263,7
408,100,-0.378,8
409,69.909,3.271,1
410,66.565,3.199,1
411,100,-0.478,9
412,60.486,1.8,1
413,49.848,0.186,3
414,72.34,3.178,1
415,100,-0.528,9
416,55.319,2.957,1
417,100,-0.478,9
418,100,-0.462,9
419,100,-0.53,9
420,99.696,-0.452,9
421,100,-0.528,9
422,74.468,1.156,1
423,100,-0.474,9
424,97.264,0.077,4
425,50.456,0.718,1
426,91.489,1.288,1
427,98.48,-0.387,8
428,81.459,3.028,1
429,52.28,3.293,1
430,48.632,3.3,1
431,88.146,2.818,1
432,50.456,0.311,2
433,98.48,-0.382,8
434,100,-0.505,9
435,100,-0.515,9
436,91.463,0.774,1
437,96.646,-0.226,7
438,98.78,-0.476,9
439,100,-0.475,9
440,100,-0.516,9
441,100,-0.528,9
442,100,-0.536,9
443,99.695,-0.438,9
444,100,-0.536,9
445,100,-0.528,9
446,100,-0.478,9
447,100,-0.478,9
448,100,-0.505,9
449,98.78,-0.351,8
450,99.695,-0.478,9
451,100,-0.509,9
452,98.78,-0.382,8
453,99.085,-0.389,8
454,50.305,0.907,1
455,99.085,-0.27,7
456,92.073,0.614,1
457,99.39,-0.413,8
458,77.744,1.046,1
459,53.354,3.3,1
460,92.988,0.612,1
461,100,-0.515,9
462,66.768,3.114,1
463,56.707,2.976,1
464,96.646,0.005,5
465,98.171,-0.269,7
466,100,-0.505,9
467,99.39,-0.413,8
468,98.171,-0.416,8
469,100,-0.509,9
470,100,-0.529,9
471,100,-0.487,9
472,100,-0.474,9
473,100,-0.53,9
474,99.695,-0.493,9
475,100,-0.532,9
476,100,-0.53,9
477,100,-0.505,9
478,100,-0.468,9
479,100,-0.517,9
480,99.39,-0.38,8
481,100,-0.536,9
482,72.34,2.151,1
483,100,-0.523,9
484,97.872,-0.199,7
485,92.401,0.679,1
486,95.441,0.244,3
487,90.274,0.841,1
488,79.939,3.247,1
489,89.666,1.288,1
490,93.313,0.805,1
491,92.901,0.465,1
492,89.362,1.095,1
493,98.48,-0.366,8
494,98.176,-0.173,6
495,100,-0.478,9
496,98.48,-0.474,9
497,99.696,-0.472,9
498,100,-0.505,9
499,100,-0.476,9
500,100,-0.528,9
501,99.696,-0.399,8
502,100,-0.509,9
503,100,-0.515,9
504,100,-0.529,9
505,100,-0.478,9
506,98.176,-0.095,6
507,96.049,-0.084,6
508,99.696,-0.351,8
509,82.979,3.268,1
510,97.264,-0.264,7
511,98.48,-0.476,9
512,64.134,3.3,1
513,73.556,3.3,1
514,94.529,0.634,1
515,100,-0.476,9
516,97.264,-0.028,5
517,100,-0.509,9
518,97.872,-0.315,8
519,98.48,0.011,5
520,51.672,0.527,1
521,99.696,-0.385,8
522,85.41,1.189,1
523,99.696,-0.438,9
524,82.675,3.026,1
525,97.568,-0.026,5
526,96.657,0.219,3
527,94.833,0.162,4
528,100,-0.474,9
529,99.392,-0.386,8
530,95.137,0.042,5
531,100,-0.528,9
532,100,-0.468,9
533,74.772,0.865,1
534,100,-0.509,9
535,100,-0.478,9
536,100,-0.476,9
537,100,-0.476,9
538,99.088,-0.381,8
539,100,-0.476,9
540,100,-0.509,9
541,100,-0.515,9
542,100,-0.527,9
543,100,-0.478,9
544,100,-0.476,9
545,99.696,-0.373,8
546,99.392,-0.237,7
547,98.176,-0.401,8
548,49.544,3.3,1
549,51.524,3.293,1
550,80.851,3.273,1
551,99.088,-0.212,7
552,96.353,0.012,5
553,52.778,0.555,1
554,82.067,1.491,1
555,50.152,1.897,1
556,98.176,-0.311,8
557,98.784,-0.192,7
558,99.392,-0.272,7
559,100,-0.474,9
560,96.96,-0.193,7
561,100,-0.474,9
562,99.392,-0.383,8
563,55.319,1.677,1
564,92.705,0.736,1
565,98.48,-0.453,9
566,94.225,0.046,5
567,100,-0.53,9
568,100,-0.474,9
569,52.888,3.201,1
570,97.264,-0.317,8
571,86.322,1.844,1
572,94.529,0.365,2
573,98.176,0.263,3
574,100,-0.462,9
575,100,-0.474,9
576,97.264,-0.032,5
577,99.696,-0.376,8
578,99.088,-0.172,6
579,96.353,-0.077,6
580,100,-0.536,9
581,100,-0.525,9
582,100,-0.529,9
583,99.088,-0.313,8
584,99.696,-0.341,8
585,99.696,-0.341,8
586,99.696,-0.392,8
587,98.784,-0.36,8
588,99.696,-0.42,9
589,99.696,-0.434,9
590,100,-0.487,9
591,99.39,-0.38,8
592,99.695,-0.476,9
593,99.695,-0.474,9
594,97.866,-0.169,6
595,99.695,-0.431,9
596,100,-0.462,9
597,99.695,-0.452,9
598,99.088,-0.338,8
599,99.392,-0.36,8
600,99.392,-0.175,6
601,99.088,-0.331,8
602,99.088,-0.194,7
603,100,-0.527,9
604,100,-0.529,9
605,100,-0.525,9
606,100,-0.527,9
607,100,-0.532,9
608,100,-0.476,9
609,100,-0.516,9
610,100,-0.523,9
611,100,-0.487,9
612,100,-0.529,9
613,99.696,-0.482,9
614,100,-0.528,9
615,100,-0.505,9
616,100,-0.528,9
617,100,-0.529,9
618,100,-0.528,9
619,99.392,-0.353,8
620,99.088,-0.377,8
621,99.696,-0.475,9
622,100,-0.476,9
623,100,-0.529,9
624,100,-0.529,9
625,100,-0.536,9
626,99.696,-0.438,9
627,100,-0.476,9
628,98.784,-0.309,8
629,100,-0.509,9
630,100,-0.532,9
631,98.784,-0.47,9
632,100,-0.509,9
633,99.696,-0.453,9
634,99.088,-0.478,9
635,99.696,-0.476,9
636,93.313,0.365,2
637,100,-0.515,9
638,100,-0.478,9
639,99.696,-0.48,9
640,100,-0.529,9
641,99.696,-0.399,8
642,99.088,-0.412,8
643,93.617,0.303,2
644,98.48,-0.386,8
645,99.696,-0.474,9
646,99.392,-0.423,9
647,97.568,-0.122,6
648,99.392,-0.369,8
649,98.176,-0.38,8
650,99.088,-0.476,9
651,99.696,-0.432,9
652,99.696,-0.476,9
653,98.176,-0.239,7
654,99.696,-0.474,9
655,98.176,-0.417,9
656,100,-0.523,9
657,100,-0.476,9
658,86.626,0.745,1
659,96.96,-0.017,5
660,99.696,-0.38,8
661,99.696,-0.431,9
662,93.617,1.362,1
663,48.024,3.141,1
664,54.103,2.492,1
665,48.936,1.71,1
666,67.173,3.119,1
667,98.176,-0.251,7
668,60.486,0.901,1
669,99.696,-0.453,9
670,60.486,1.282,1
671,88.754,1.086,1
672,99.696,-0.38,8
673,52.584,2.929,1
674,98.784,-0.422,9
675,98.784,-0.403,8
676,98.48,-0.372,8
677,100,-0.509,9
678,99.696,-0.478,9
679,99.696,-0.474,9
680,99.696,-0.372,8
681,100,-0.528,9
682,100,-0.515,9
683,100,-0.532,9
684,100,-0.536,9
685,100,-0.487,9
686,100,-0.517,9
687,100,-0.517,9
688,100,-0.505,9
689,100,-0.478,9
690,99.392,-0.417,8
691,99.696,-0.477,9
692,99.696,-0.474,9
693,99.696,-0.438,9
694,99.696,-0.375,8
695,99.696,-0.35,8
696,99.392,-0.386,8
697,99.088,-0.311,8
698,89.97,0.992,1
699,100,-0.476,9
700,99.088,-0.476,9
701,99.696,-0.478,9
702,100,-0.527,9
703,100,-0.528,9
704,100,-0.527,9
705,100,-0.532,9
706,100,-0.476,9
707,100,-0.516,9
708,100,-0.476,9
709,99.696,-0.475,9
710,100,-0.53,9
711,100,-0.516,9
712,99.696,-0.493,9
713,100,-0.487,9
714,100,-0.528,9
715,100,-0.478,9
716,100,-0.505,9
717,96.96,0.186,3
718,100,-0.528,9
719,100,-0.516,9
720,100,-0.529,9
721,100,-0.476,9
722,98.48,-0.475,9
723,100,-0.528,9
724,100,-0.525,9
725,100,-0.476,9
726,100,-0.529,9
727,57.143,0.774,1
728,100,-0.476,9
729,100,-0.536,9
730,100,-0.516,9
731,100,-0.527,9
732,100,-0.536,9
733,100,-0.505,9
734,100,-0.517,9
735,100,-0.528,9
736,100,-0.528,9
737,100,-0.516,9
738,99.392,-0.41,8
739,100,-0.529,9
740,99.696,-0.38,8
741,100,-0.478,9
742,100,-0.516,9
743,99.696,-0.453,9
744,100,-0.53,9
745,99.696,-0.373,8
746,100,-0.528,9
747,100,-0.536,9
748,99.696,-0.478,9
749,99.696,-0.475,9
750,99.696,-0.485,9
751,100,-0.476,9
752,100,-0.527,9
753,99.696,-0.438,9
754,99.696,-0.438,9
755,100,-0.476,9
756,100,-0.515,9
757,100,-0.478,9
758,100,-0.529,9
759,100,-0.474,9
760,100,-0.516,9
761,99.696,-0.48,9
762,99.696,-0.379,8
763,99.696,-0.432,9
764,99.696,-0.431,9
765,99.696,-0.493,9
766,99.696,-0.478,9
767,99.696,-0.476,9
768,99.696,-0.361,8
769,99.696,-0.484,9
770,99.696,-0.38,8
771,100,-0.532,9
772,100,-0.536,9
773,100,-0.53,9
774,99.696,-0.478,9
775,100,-0.487,9
776,99.392,-0.359,8
777,99.696,-0.477,9
778,99.392,-0.429,9
779,100,-0.487,9
780,99.39,-0.266,7
781,100,-0.478,9
782,68.293,3.3,1
783,100,-0.473,9
784,100,-0.529,9
785,53.354,1.934,1
786,59.146,2.652,1
787,97.866,-0.305,8
788,100,-0.529,9
789,100,-0.487,9
790,100,-0.478,9
791,99.695,-0.398,8
792,100,-0.478,9
793,100,-0.475,9
794,100,-0.532,9
795,99.39,-0.418,9
796,100,-0.532,9
797,100,-0.529,9
798,100,-0.478,9
799,99.696,-0.349,8
800,99.696,-0.477,9
801,99.696,-0.453,9
802,99.392,-0.275,7
803,99.392,-0.272,7
804,99.696,-0.484,9
805,99.392,-0.382,8
806,99.392,-0.41,8
807,99.392,-0.413,8
808,99.696,-0.399,8
809,99.696,-0.476,9
810,100,-0.529,9
811,100,-0.536,9
812,100,-0.478,9
813,100,-0.528,9
814,100,-0.468,9
815,100,-0.509,9
816,94.225,0.504,1
817,98.784,-0.473,9
818,100,-0.509,9
819,100,-0.536,9
820,100,-0.516,9
821,100,-0.529,9
822,100,-0.525,9
823,99.696,-0.432,9
824,100,-0.515,9
825,99.088,-0.455,9
826,100,-0.487,9
827,100,-0.515,9
828,100,-0.53,9
829,99.696,-0.399,8
830,53.799,3.3,1
831,52.28,1.05,1
832,100,-0.516,9
833,98.48,-0.433,9
834,100,-0.478,9
835,100,-0.527,9
836,100,-0.53,9
837,98.48,-0.438,9
838,99.696,-0.452,9
839,100,-0.478,9
840,100,-0.529,9
841,98.784,-0.49,9
842,52.584,0.199,3
843,98.48,-0.324,8
844,100,-0.468,9
845,100,-0.476,9
846,100,-0.517,9
847,100,-0.529,9
848,100,-0.476,9
849,99.392,-0.411,8
850,98.476,-0.358,8
851,99.39,-0.387,8
852,99.39,-0.417,8
853,98.78,-0.057,5
854,97.859,-0.175,6
855,99.694,-0.376,8
856,99.39,-0.266,7
857,99.39,-0.266,7
858,74.695,3.29,1
859,99.39,-0.249,7
860,99.39,-0.267,7
861,99.39,-0.413,8
862,99.085,-0.359,8
863,85.933,1.544,1
864,99.39,-0.416,8
865,99.696,-0.438,9
866,99.696,-0.48,9
867,100,-0.476,9
868,98.48,-0.372,8
869,97.872,0.17,4
870,100,-0.487,9
871,57.143,3.297,1
872,48.328,3.3,1
873,99.696,-0.38,8
874,89.97,1.083,1
875,100,-0.476,9
876,98.784,-0.299,8
877,100,-0.515,9
878,99.088,-0.172,6
879,85.41,2.568,1
880,100,-0.378,8
881,100,-0.516,9
882,98.176,-0.171,6
883,98.176,-0.238,7
884,51.672,3.23,1
885,55.319,3.3,1
886,100,-0.53,9
887,99.696,-0.453,9
888,100,-0.478,9
889,100,-0.509,9
890,100,-0.516,9
891,99.696,-0.493,9
892,100,-0.468,9
893,100,-0.476,9
894,100,-0.517,9
895,98.784,-0.252,7
896,100,-0.378,8
897,100,-0.532,9
898,99.695,-0.362,8
899,100,-0.509,9
900,99.695,-0.455,9
901,100,-0.515,9
902,100,-0.505,9
903,50.305,0.292,3
904,99.39,-0.414,8
905,100,-0.509,9
906,96.037,0.164,4
907,100,-0.532,9
908,99.695,-0.351,8
909,99.695,-0.435,9
910,100,-0.532,9
911,99.085,-0.476,9
912,100,-0.474,9
913,100,-0.474,9
914,98.476,-0.352,8
915,99.695,-0.493,9
916,100,-0.529,9
917,100,-0.527,9
918,99.085,-0.474,9
919,100,-0.527,9
920,100,-0.517,9
921,100,-0.378,8
922,99.695,-0.476,9
923,100,-0.516,9
924,61.89,3.075,1
925,99.695,-0.478,9
926,94.207,0.472,1
927,100,-0.462,9
928,100,-0.505,9
929,100,-0.532,9
930,100,-0.515,9
931,100,-0.515,9
932,100,-0.53,9
933,100,-0.536,9
934,98.165,-0.289,7
935,99.694,-0.373,8
936,99.083,-0.455,9
937,100,-0.517,9
938,100,-0.476,9
939,99.694,-0.471,9
940,85.139,3.281,1
941,97.799,-0.365,8
942,96.855,0.09,4
943,98.428,-0.146,6
944,99.057,-0.167,6
945,97.484,-0.17,6
946,99.057,-0.151,6
947,99.057,-0.161,6
948,98.742,-0.061,6
949,97.799,0.287,3
950,99.057,-0.28,7
951,99.057,-0.281,7
952,99.057,-0.373,8
953,97.484,-0.231,7
954,99.686,-0.38,8
955,99.057,-0.357,8
956,98.742,-0.298,8
957,96.541,0.503,1
958,99.371,-0.206,7
959,99.371,-0.441,9
960,99.684,-0.361,8
961,93.038,0.906,1
962,100,-0.487,9
963,99.371,-0.272,7
964,97.484,-0.138,6
965,99.057,-0.311,8
966,94.025,0.278,3
967,97.484,-0.138,6
968,99.371,-0.276,7
969,98.742,-0.24,7
970,99.057,-0.35,8
971,96.541,0.564,1
972,99.686,-0.399,8
973,99.057,-0.169,6
974,98.113,-0.025,5
975,94.481,1.13,1
976,84.416,2.51,1
977,98.377,0.543,1
978,98.377,0.56,1
979,97.727,0.3,2
980,99.016,-0.114,6
981,99.016,-0.353,8
982,93.77,0.969,1
983,100,-0.486,9
984,98.366,0.316,2
985,98.366,-0.28,7
986,95.098,0.621,1
987,98.039,0.173,4
988,99.02,-0.354,8
989,99.346,-0.263,7
990,95.425,0.219,3
991,98.693,-0.014,5
992,100,-0.515,9
993,100,-0.507,9
994,74.587,3.122,1
995,100,-0.514,9
996,99.016,-0.268,7
997,98.361,0.061,4
998,80.328,3.269,1
999,90.492,2.363,1
1000,99.016,-0.307,8
1001,98.689,-0.234,7
1002,92.131,0.415,2
1003,99.342,-0.301,8
1004,99.013,-0.162,6
1005,98.02,0.237,3
1006,93.399,3.071,1
1007,93.069,0.655,1
1008,94.059,1.307,1
1009,84.158,3.295,1
1010,94.059,1.368,1
1011,92.079,1.115,1
1012,94.02,2.502,1
1013,95.406,0.627,1
