1,T 42.361,3.3,1
2,Q 57.401,3.3,1
3,D 90.102,1.608,1
4,K 85.616,3.242,1
5,K 51.536,3.272,1
6,D 79.861,2.977,1
7,D 49.306,3.296,1
8,K 47.635,3.3,1
9,S 37.075,3.3,1
10,S 56.522,3.291,1
11,P 64.384,3.289,1
12,K 94.097,0.65,1
13,K 87.500,1,1
14,K 37.179,3.3,1
15,K 94.203,0.232,3
16,G 55.906,3.3,1
17,K 89.686,1.365,1
18,E 36.154,3.3,1
19,R 44.561,3.3,1
20,K 53.898,0.332,2
21,D 96.622,0.02,5
22,L 60.912,2.847,1
23,D 93.770,0.713,1
24,D 90.909,0.99,1
25,L 98.701,-0.075,6
26,K 98.701,-0.191,7
27,K 98.058,-0.251,7
28,E 98.382,-0.175,6
29,V 99.351,-0.426,9
30,P 49.351,0.925,1
31,M 52.000,1.59,1
32,T 97.538,-0.199,7
33,E 98.160,-0.378,8
34,H 99.693,-0.479,9
35,K 98.466,-0.038,5
36,M 97.561,-0.236,7
37,S 97.561,-0.304,8
38,V 86.280,1.258,1
39,E 98.777,-0.283,7
40,E 100.000,-0.509,9
41,V 95.107,0.209,3
42,C 96.330,0.421,1
43,R 95.719,-0.019,5
44,K 99.694,-0.432,9
45,Y 72.477,3.297,1
46,N 66.055,3.274,1
47,T 96.942,-0.147,6
48,D 99.694,-0.453,9
49,C 51.682,2.532,1
50,V 98.777,-0.413,8
51,Q 98.471,-0.316,8
52,G 100.000,-0.476,9
53,L 98.471,-0.28,7
54,T 97.859,-0.374,8
55,H 49.541,0.352,2
56,S 51.682,0.305,2
57,K 88.073,2.833,1
58,A 100.000,-0.528,9
59,Q 49.379,1.283,1
60,E 94.099,0.376,2
61,I 55.590,3.295,1
62,L 100.000,-0.478,9
63,A 72.981,3.299,1
64,R 99.068,-0.451,9
65,D 98.758,-0.382,8
66,G 100.000,-0.476,9
67,P 96.584,0.275,3
68,N 100.000,-0.53,9
69,A 93.789,0.37,2
70,L 100.000,-0.478,9
71,T 100.000,-0.532,9
72,P 100.000,-0.487,9
73,P 99.068,-0.395,8
74,P 99.689,-0.399,8
75,T 100.000,-0.532,9
76,T 98.447,-0.429,9
77,P 100.000,-0.487,9
78,E 99.068,-0.437,9
79,W 100.000,-0.378,8
80,V 91.615,1.038,1
81,K 100.000,-0.505,9
82,F 100.000,-0.474,9
83,C 100.000,-0.462,9
84,R 98.447,-0.451,9
85,Q 99.689,-0.455,9
86,L 100.000,-0.478,9
87,F 100.000,-0.474,9
88,G 99.689,-0.377,8
89,G 100.000,-0.476,9
90,F 100.000,-0.474,9
91,S 99.689,-0.493,9
92,I 93.168,0.753,1
93,L 100.000,-0.478,9
94,L 100.000,-0.478,9
95,W 100.000,-0.378,8
96,I 76.708,3.291,1
97,G 99.689,-0.377,8
98,A 98.758,-0.472,9
99,I 98.137,-0.358,8
100,L 100.000,-0.478,9
101,C 100.000,-0.462,9
102,F 100.000,-0.474,9
103,L 98.758,-0.064,6
104,A 99.689,-0.476,9
105,Y 99.689,-0.363,8
106,G 51.863,0.735,1
107,I 100.000,-0.529,9
108,Q 98.447,-0.318,8
109,A 97.826,-0.293,7
110,G 49.689,1.351,1
111,T 96.894,-0.256,7
112,E 98.447,-0.359,8
113,D 95.652,0.392,2
114,D 67.081,3.253,1
115,P 98.758,-0.301,8
116,A 49.379,2.269,1
117,G 91.304,1.778,1
118,D 100.000,-0.516,9
119,N 99.689,-0.48,9
120,L 99.689,-0.38,8
121,Y 100.000,-0.468,9
122,L 99.068,-0.38,8
123,G 99.689,-0.376,8
124,I 98.758,-0.418,9
125,V 100.000,-0.527,9
126,L 100.000,-0.478,9
127,A 51.863,1.103,1
128,A 95.342,0.075,4
129,V 100.000,-0.527,9
130,V 100.000,-0.527,9
131,I 83.230,2.125,1
132,I 95.342,0.094,4
133,T 100.000,-0.532,9
134,G 100.000,-0.476,9
135,C 100.000,-0.462,9
136,F 100.000,-0.474,9
137,S 100.000,-0.536,9
138,Y 100.000,-0.468,9
139,Y 51.863,0.988,1
140,Q 100.000,-0.517,9
141,E 99.689,-0.438,9
142,A 99.068,-0.476,9
143,K 99.689,-0.432,9
144,S 99.689,-0.493,9
145,S 100.000,-0.536,9
146,K 99.689,-0.432,9
147,I 100.000,-0.529,9
148,M 100.000,-0.525,9
149,E 99.690,-0.438,9
150,S 100.000,-0.536,9
151,F 100.000,-0.474,9
152,K 99.690,-0.432,9
153,N 99.071,-0.367,8
154,M 100.000,-0.525,9
155,V 100.000,-0.527,9
156,P 100.000,-0.487,9
157,Q 100.000,-0.517,9
158,Q 98.777,-0.173,6
159,A 100.000,-0.528,9
160,L 99.390,-0.276,7
161,V 99.085,-0.352,8
162,I 100.000,-0.529,9
163,R 100.000,-0.515,9
164,E 98.476,-0.357,8
165,G 100.000,-0.476,9
166,E 99.390,-0.361,8
167,K 99.085,-0.432,9
168,M 76.292,0.749,1
169,Q 97.872,-0.182,7
170,V 49.544,1.18,1
171,N 98.480,-0.278,7
172,A 98.784,-0.472,9
173,E 97.872,-0.105,6
174,E 85.410,1.256,1
175,V 99.696,-0.474,9
176,V 99.392,-0.413,8
177,V 51.976,0.69,1
178,G 100.000,-0.476,9
179,D 100.000,-0.516,9
180,L 99.696,-0.478,9
181,V 78.419,0.518,1
182,E 99.696,-0.438,9
183,V 50.152,0.46,1
184,K 100.000,-0.505,9
185,G 99.696,-0.376,8
186,G 100.000,-0.476,9
187,D 100.000,-0.516,9
188,R 99.088,-0.452,9
189,V 51.368,0.094,4
190,P 100.000,-0.487,9
191,A 100.000,-0.528,9
192,D 99.696,-0.453,9
193,L 79.635,1.026,1
194,R 99.696,-0.452,9
195,I 75.684,0.671,1
196,I 72.644,2.854,1
197,S 100.000,-0.536,9
198,A 78.723,1.146,1
199,H 98.480,-0.403,8
200,G 99.392,-0.272,7
201,C 99.696,-0.219,7
202,K 99.392,-0.139,6
203,V 99.392,-0.395,8
204,D 99.696,-0.369,8
205,N 99.696,-0.415,8
206,S 99.696,-0.438,9
207,S 98.784,-0.387,8
208,L 99.696,-0.274,7
209,T 99.696,-0.425,9
210,G 99.696,-0.273,7
211,E 99.696,-0.349,8
212,S 99.696,-0.44,9
213,E 99.696,-0.349,8
214,P 100.000,-0.487,9
215,Q 99.392,-0.385,8
216,T 71.733,1.085,1
217,R 100.000,-0.515,9
218,S 99.088,-0.493,9
219,P 99.696,-0.398,8
220,D 97.568,0.063,4
221,C 98.480,0.298,3
222,T 100.000,-0.532,9
223,H 98.784,-0.206,7
224,D 96.353,0.165,4
225,N 99.696,-0.422,9
226,P 99.696,-0.305,8
227,L 99.696,-0.278,7
228,E 99.696,-0.357,8
229,T 99.696,-0.425,9
230,R 98.176,-0.167,6
231,N 99.696,-0.404,8
232,I 85.714,2.067,1
233,T 51.064,0.925,1
234,F 99.696,-0.25,7
235,F 99.696,-0.248,7
236,S 99.696,-0.437,9
237,T 99.696,-0.425,9
238,N 99.696,-0.415,8
239,C 99.696,-0.233,7
240,V 99.696,-0.41,8
241,E 99.696,-0.351,8
242,G 100.000,-0.476,9
243,T 99.696,-0.485,9
244,A 100.000,-0.528,9
245,R 100.000,-0.515,9
246,G 99.696,-0.27,7
247,V 52.584,0.964,1
248,V 99.696,-0.475,9
249,V 74.772,0.776,1
250,A 52.888,2.674,1
251,T 100.000,-0.532,9
252,G 100.000,-0.476,9
253,D 100.000,-0.516,9
254,R 97.872,-0.168,6
255,T 100.000,-0.532,9
256,V 97.872,-0.227,7
257,M 100.000,-0.525,9
258,G 100.000,-0.476,9
259,R 100.000,-0.515,9
260,I 100.000,-0.529,9
261,A 100.000,-0.528,9
262,T 93.921,-0.089,6
263,L 100.000,-0.478,9
264,A 58.967,1.262,1
265,S 100.000,-0.536,9
266,G 100.000,-0.476,9
267,L 100.000,-0.478,9
268,E 91.185,0.965,1
269,V 51.672,1.059,1
270,G 99.696,-0.376,8
271,K 98.784,-0.352,8
272,T 99.696,-0.484,9
273,P 100.000,-0.487,9
274,I 100.000,-0.529,9
275,A 99.696,-0.476,9
276,I 48.024,2.986,1
277,E 99.696,-0.435,9
278,I 100.000,-0.529,9
279,E 99.696,-0.509,9
280,H 100.000,-0.523,9
281,F 100.000,-0.474,9
282,I 100.000,-0.529,9
283,Q 53.495,0.743,1
284,L 58.359,1.264,1
285,I 100.000,-0.529,9
286,T 100.000,-0.532,9
287,G 98.784,-0.269,7
288,V 100.000,-0.527,9
289,A 100.000,-0.528,9
290,V 100.000,-0.527,9
291,F 100.000,-0.474,9
292,L 100.000,-0.478,9
293,G 100.000,-0.476,9
294,V 89.362,1.776,1
295,S 62.310,2.172,1
296,F 100.000,-0.474,9
297,F 100.000,-0.474,9
298,I 80.547,3.3,1
299,L 100.000,-0.478,9
300,S 75.380,0.299,2
301,L 63.222,3.3,1
302,I 85.366,3.13,1
303,L 100.000,-0.478,9
304,G 100.000,-0.476,9
305,Y 100.000,-0.468,9
306,T 58.537,3.3,1
307,W 100.000,-0.378,8
308,L 100.000,-0.478,9
309,E 98.476,-0.283,7
310,A 100.000,-0.528,9
311,V 99.695,-0.475,9
312,I 100.000,-0.529,9
313,F 100.000,-0.474,9
314,L 100.000,-0.478,9
315,I 100.000,-0.529,9
316,G 100.000,-0.476,9
317,I 100.000,-0.529,9
318,I 100.000,-0.529,9
319,V 100.000,-0.527,9
320,A 100.000,-0.528,9
321,N 100.000,-0.53,9
322,V 100.000,-0.527,9
323,P 100.000,-0.487,9
324,E 100.000,-0.509,9
325,G 100.000,-0.476,9
326,L 100.000,-0.478,9
327,L 100.000,-0.478,9
328,A 100.000,-0.528,9
329,T 100.000,-0.532,9
330,V 100.000,-0.527,9
331,T 100.000,-0.532,9
332,V 100.000,-0.527,9
333,C 100.000,-0.462,9
334,L 100.000,-0.478,9
335,T 100.000,-0.532,9
336,L 99.392,-0.277,7
337,T 100.000,-0.532,9
338,A 100.000,-0.528,9
339,K 100.000,-0.505,9
340,R 100.000,-0.515,9
341,M 100.000,-0.525,9
342,A 100.000,-0.528,9
343,R 76.596,0.833,1
344,K 100.000,-0.505,9
345,N 100.000,-0.53,9
346,C 100.000,-0.462,9
347,L 100.000,-0.478,9
348,V 100.000,-0.527,9
349,K 100.000,-0.505,9
350,N 99.696,-0.48,9
351,L 100.000,-0.478,9
352,E 100.000,-0.509,9
353,A 99.696,-0.528,9
354,V 99.696,-0.431,9
355,E 99.696,-0.436,9
356,T 99.696,-0.457,9
357,L 99.696,-0.478,9
358,G 100.000,-0.476,9
359,S 100.000,-0.536,9
360,T 100.000,-0.532,9
361,S 100.000,-0.536,9
362,T 100.000,-0.532,9
363,I 100.000,-0.529,9
364,C 100.000,-0.462,9
365,S 100.000,-0.536,9
366,D 100.000,-0.516,9
367,K 100.000,-0.505,9
368,T 100.000,-0.532,9
369,G 100.000,-0.476,9
370,T 100.000,-0.532,9
371,L 100.000,-0.478,9
372,T 100.000,-0.532,9
373,Q 100.000,-0.517,9
374,N 100.000,-0.53,9
375,R 100.000,-0.515,9
376,M 100.000,-0.525,9
377,T 100.000,-0.532,9
378,V 100.000,-0.527,9
379,A 99.696,-0.476,9
380,H 99.696,-0.466,9
381,M 98.176,-0.29,7
382,W 99.696,-0.192,7
383,F 100.000,-0.474,9
384,D 99.696,-0.453,9
385,N 98.176,-0.365,8
386,Q 98.176,-0.387,8
387,I 98.176,-0.418,9
388,H 96.960,-0.146,6
389,E 99.088,-0.273,7
390,A 99.392,-0.416,8
391,D 99.691,-0.449,9
392,T 98.480,-0.421,9
393,T 98.176,-0.427,9
394,E 98.480,-0.282,7
395,D 98.176,-0.311,8
396,Q 98.476,-0.384,8
397,S 98.780,-0.44,9
398,G 100.000,-0.475,9
399,T 52.280,1.802,1
400,S 93.009,0.714,1
401,F 100.000,-0.474,9
402,D 98.480,-0.3,8
403,K 100.000,-0.505,9
404,S 94.225,0.183,3
405,S 100.000,-0.536,9
406,H 48.328,3.3,1
407,T 98.176,-0.263,7
408,W 100.000,-0.378,8
409,V 69.909,3.271,1
410,A 66.565,3.199,1
411,L 100.000,-0.478,9
412,S 60.486,1.8,1
413,R 49.848,0.186,3
414,I 72.340,3.178,1
415,A 100.000,-0.528,9
416,G 55.319,2.957,1
417,L 100.000,-0.478,9
418,C 100.000,-0.462,9
419,N 100.000,-0.53,9
420,R 99.696,-0.452,9
421,A 100.000,-0.528,9
422,V 74.468,1.156,1
423,F 100.000,-0.474,9
424,K 97.264,0.077,4
425,G 50.456,0.718,1
426,G 91.489,1.288,1
427,Q 98.480,-0.387,8
428,D 81.459,3.028,1
429,N 52.280,3.293,1
430,I 48.632,3.3,1
431,P 88.146,2.818,1
432,V 50.456,0.311,2
433,L 98.480,-0.382,8
434,K 100.000,-0.505,9
435,R 100.000,-0.515,9
436,D 91.463,0.774,1
437,V 96.646,-0.226,7
438,A 98.780,-0.476,9
439,G 100.000,-0.475,9
440,D 100.000,-0.516,9
441,A 100.000,-0.528,9
442,S 100.000,-0.536,9
443,E 99.695,-0.438,9
444,S 100.000,-0.536,9
445,A 100.000,-0.528,9
446,L 100.000,-0.478,9
447,L 100.000,-0.478,9
448,K 100.000,-0.505,9
449,C 98.780,-0.351,8
450,I 99.695,-0.478,9
451,E 100.000,-0.509,9
452,L 98.780,-0.382,8
453,S 99.085,-0.389,8
454,S 50.305,0.907,1
455,G 99.085,-0.27,7
456,S 92.073,0.614,1
457,V 99.390,-0.413,8
458,K 77.744,1.046,1
459,L 53.354,3.3,1
460,M 92.988,0.612,1
461,R 100.000,-0.515,9
462,E 66.768,3.114,1
463,R 56.707,2.976,1
464,N 96.646,0.005,5
465,K 98.171,-0.269,7
466,K 100.000,-0.505,9
467,V 99.390,-0.413,8
468,A 98.171,-0.416,8
469,E 100.000,-0.509,9
470,I 100.000,-0.529,9
471,P 100.000,-0.487,9
472,F 100.000,-0.474,9
473,N 100.000,-0.53,9
474,S 99.695,-0.493,9
475,T 100.000,-0.532,9
476,N 100.000,-0.53,9
477,K 100.000,-0.505,9
478,Y 100.000,-0.468,9
479,Q 100.000,-0.517,9
480,L 99.390,-0.38,8
481,S 100.000,-0.536,9
482,I 72.340,2.151,1
483,H 100.000,-0.523,9
484,E 97.872,-0.199,7
485,T 92.401,0.679,1
486,E 95.441,0.244,3
487,D 90.274,0.841,1
488,P 79.939,3.247,1
489,N 89.666,1.288,1
490,D 93.313,0.805,1
491,N 92.901,0.465,1
492,R 89.362,1.095,1
493,Y 98.480,-0.366,8
494,L 98.176,-0.173,6
495,L 100.000,-0.478,9
496,V 98.480,-0.474,9
497,M 99.696,-0.472,9
498,K 100.000,-0.505,9
499,G 100.000,-0.476,9
500,A 100.000,-0.528,9
501,P 99.696,-0.399,8
502,E 100.000,-0.509,9
503,R 100.000,-0.515,9
504,I 100.000,-0.529,9
505,L 100.000,-0.478,9
506,D 98.176,-0.095,6
507,R 96.049,-0.084,6
508,C 99.696,-0.351,8
509,S 82.979,3.268,1
510,T 97.264,-0.264,7
511,I 98.480,-0.476,9
512,L 64.134,3.3,1
513,L 73.556,3.3,1
514,Q 94.529,0.634,1
515,G 100.000,-0.476,9
516,K 97.264,-0.028,5
517,E 100.000,-0.509,9
518,Q 97.872,-0.315,8
519,P 98.480,0.011,5
520,L 51.672,0.527,1
521,D 99.696,-0.385,8
522,E 85.410,1.189,1
523,E 99.696,-0.438,9
524,M 82.675,3.026,1
525,K 97.568,-0.026,5
526,E 96.657,0.219,3
527,A 94.833,0.162,4*
528,F 100.000,-0.474,9
529,Q 99.392,-0.386,8
530,N 95.137,0.042,5
531,A 100.000,-0.528,9
532,Y 100.000,-0.468,9
533,L 74.772,0.865,1
534,E 100.000,-0.509,9
535,L 100.000,-0.478,9
536,G 100.000,-0.476,9
537,G 100.000,-0.476,9
538,L 99.088,-0.381,8
539,G 100.000,-0.476,9
540,E 100.000,-0.509,9
541,R 100.000,-0.515,9
542,V 100.000,-0.527,9
543,L 100.000,-0.478,9
544,G 100.000,-0.476,9
545,F 99.696,-0.373,8
546,C 99.392,-0.237,7
547,H 98.176,-0.401,8
548,Y 49.544,3.3,1
549,Y 51.524,3.293,1
550,L 80.851,3.273,1
551,P 99.088,-0.212,7
552,E 96.353,0.012,5
553,E 52.778,0.555,1
554,Q 82.067,1.491,1
555,F 50.152,1.897,1
556,P 98.176,-0.311,8
557,K 98.784,-0.192,7
558,G 99.392,-0.272,7
559,F 100.000,-0.474,9
560,A 96.960,-0.193,7
561,F 100.000,-0.474,9
562,D 99.392,-0.383,8
563,C 55.319,1.677,1
564,D 92.705,0.736,1
565,D 98.480,-0.453,9
566,V 94.225,0.046,5
567,N 100.000,-0.53,9
568,F 100.000,-0.474,9
569,T 52.888,3.201,1
570,T 97.264,-0.317,8
571,D 86.322,1.844,1
572,N 94.529,0.365,2
573,L 98.176,0.263,3
574,C 100.000,-0.462,9
575,F 100.000,-0.474,9
576,V 97.264,-0.032,5
577,G 99.696,-0.376,8
578,L 99.088,-0.172,6
579,M 96.353,-0.077,6
580,S 100.000,-0.536,9
581,M 100.000,-0.525,9
582,I 100.000,-0.529,9
583,D 99.088,-0.313,8
584,P 99.696,-0.341,8
585,P 99.696,-0.341,8
586,R 99.696,-0.392,8
587,A 98.784,-0.36,8
588,A 99.696,-0.42,9
589,V 99.696,-0.434,9
590,P 100.000,-0.487,9
591,D 99.390,-0.38,8
592,A 99.695,-0.476,9
593,V 99.695,-0.474,9
594,G 97.866,-0.169,6
595,K 99.695,-0.431,9
596,C 100.000,-0.462,9
597,R 99.695,-0.452,9
598,S 99.088,-0.338,8
599,A 99.392,-0.36,8
600,G 99.392,-0.175,6
601,I 99.088,-0.331,8
602,K 99.088,-0.194,7
603,V 100.000,-0.527,9
604,I 100.000,-0.529,9
605,M 100.000,-0.525,9
606,V 100.000,-0.527,9
607,T 100.000,-0.532,9
608,G 100.000,-0.476,9
609,D 100.000,-0.516,9
610,H 100.000,-0.523,9
611,P 100.000,-0.487,9
612,I 100.000,-0.529,9
613,T 99.696,-0.482,9
614,A 100.000,-0.528,9
615,K 100.000,-0.505,9
616,A 100.000,-0.528,9
617,I 100.000,-0.529,9
618,A 100.000,-0.528,9
619,K 99.392,-0.353,8
620,G 99.088,-0.377,8
621,V 99.696,-0.475,9
622,G 100.000,-0.476,9
623,I 100.000,-0.529,9
624,I 100.000,-0.529,9
625,S 100.000,-0.536,9
626,E 99.696,-0.438,9
627,G 100.000,-0.476,9
628,N 98.784,-0.309,8
629,E 100.000,-0.509,9
630,T 100.000,-0.532,9
631,V 98.784,-0.47,9
632,E 100.000,-0.509,9
633,D 99.696,-0.453,9
634,I 99.088,-0.478,9
635,A 99.696,-0.476,9
636,A 93.313,0.365,2
637,R 100.000,-0.515,9
638,L 100.000,-0.478,9
639,N 99.696,-0.48,9
640,I 100.000,-0.529,9
641,P 99.696,-0.399,8
642,V 99.088,-0.412,8
643,S 93.617,0.303,2
644,Q 98.480,-0.386,8
645,V 99.696,-0.474,9
646,N 99.392,-0.423,9
647,P 97.568,-0.122,6
648,R 99.392,-0.369,8
649,D 98.176,-0.38,8
650,A 99.088,-0.476,9
651,K 99.696,-0.432,9
652,A 99.696,-0.476,9
653,C 98.176,-0.239,7
654,V 99.696,-0.474,9
655,I 98.176,-0.417,9
656,H 100.000,-0.523,9
657,G 100.000,-0.476,9
658,T 86.626,0.745,1
659,D 96.960,-0.017,5
660,L 99.696,-0.38,8
661,K 99.696,-0.431,9
662,D 93.617,1.362,1
663,F 48.024,3.141,1
664,T 54.103,2.492,1
665,S 48.936,1.71,1
666,E 67.173,3.119,1
667,Q 98.176,-0.251,7
668,I 60.486,0.901,1
669,D 99.696,-0.453,9
670,E 60.486,1.282,1
671,I 88.754,1.086,1
672,L 99.696,-0.38,8
673,Q 52.584,2.929,1
674,N 98.784,-0.422,9
675,H 98.784,-0.403,8
676,T 98.480,-0.372,8
677,E 100.000,-0.509,9
678,I 99.696,-0.478,9
679,V 99.696,-0.474,9
680,F 99.696,-0.372,8
681,A 100.000,-0.528,9
682,R 100.000,-0.515,9
683,T 100.000,-0.532,9
684,S 100.000,-0.536,9
685,P 100.000,-0.487,9
686,Q 100.000,-0.517,9
687,Q 100.000,-0.517,9
688,K 100.000,-0.505,9
689,L 100.000,-0.478,9
690,I 99.392,-0.417,8
691,I 99.696,-0.477,9
692,V 99.696,-0.474,9
693,E 99.696,-0.438,9
694,G 99.696,-0.375,8
695,C 99.696,-0.35,8
696,Q 99.392,-0.386,8
697,R 99.088,-0.311,8
698,Q 89.970,0.992,1
699,G 100.000,-0.476,9
700,A 99.088,-0.476,9
701,I 99.696,-0.478,9
702,V 100.000,-0.527,9
703,A 100.000,-0.528,9
704,V 100.000,-0.527,9
705,T 100.000,-0.532,9
706,G 100.000,-0.476,9
707,D 100.000,-0.516,9
708,G 100.000,-0.476,9
709,V 99.696,-0.475,9
710,N 100.000,-0.53,9
711,D 100.000,-0.516,9
712,S 99.696,-0.493,9
713,P 100.000,-0.487,9
714,A 100.000,-0.528,9
715,L 100.000,-0.478,9
716,K 100.000,-0.505,9
717,K 96.960,0.186,3
718,A 100.000,-0.528,9
719,D 100.000,-0.516,9
720,I 100.000,-0.529,9
721,G 100.000,-0.476,9
722,V 98.480,-0.475,9
723,A 100.000,-0.528,9
724,M 100.000,-0.525,9
725,G 100.000,-0.476,9
726,I 100.000,-0.529,9
727,A 57.143,0.774,1
728,G 100.000,-0.476,9
729,S 100.000,-0.536,9
730,D 100.000,-0.516,9
731,V 100.000,-0.527,9
732,S 100.000,-0.536,9
733,K 100.000,-0.505,9
734,Q 100.000,-0.517,9
735,A 100.000,-0.528,9
736,A 100.000,-0.528,9
737,D 100.000,-0.516,9
738,M 99.392,-0.41,8
739,I 100.000,-0.529,9
740,L 99.696,-0.38,8
741,L 100.000,-0.478,9
742,D 100.000,-0.516,9
743,D 99.696,-0.453,9
744,N 100.000,-0.53,9
745,F 99.696,-0.373,8
746,A 100.000,-0.528,9
747,S 100.000,-0.536,9
748,I 99.696,-0.478,9
749,V 99.696,-0.475,9
750,T 99.696,-0.485,9
751,G 100.000,-0.476,9
752,V 100.000,-0.527,9
753,E 99.696,-0.438,9
754,E 99.696,-0.438,9
755,G 100.000,-0.476,9
756,R 100.000,-0.515,9
757,L 100.000,-0.478,9
758,I 100.000,-0.529,9
759,F 100.000,-0.474,9
760,D 100.000,-0.516,9
761,N 99.696,-0.48,9
762,L 99.696,-0.379,8
763,K 99.696,-0.432,9
764,K 99.696,-0.431,9
765,S 99.696,-0.493,9
766,I 99.696,-0.478,9
767,A 99.696,-0.476,9
768,Y 99.696,-0.361,8
769,T 99.696,-0.484,9
770,L 99.696,-0.38,8
771,T 100.000,-0.532,9
772,S 100.000,-0.536,9
773,N 100.000,-0.53,9
774,I 99.696,-0.478,9
775,P 100.000,-0.487,9
776,E 99.392,-0.359,8
777,I 99.696,-0.477,9
778,T 99.392,-0.429,9
779,P 100.000,-0.487,9
780,F 99.390,-0.266,7
781,L 100.000,-0.478,9
782,L 68.293,3.3,1
783,F 100.000,-0.473,9
784,I 100.000,-0.529,9
785,M 53.354,1.934,1
786,A 59.146,2.652,1
787,N 97.866,-0.305,8
788,I 100.000,-0.529,9
789,P 100.000,-0.487,9
790,L 100.000,-0.478,9
791,P 99.695,-0.398,8
792,L 100.000,-0.478,9
793,G 100.000,-0.475,9
794,T 100.000,-0.532,9
795,I 99.390,-0.418,9
796,T 100.000,-0.532,9
797,I 100.000,-0.529,9
798,L 100.000,-0.478,9
799,C 99.696,-0.349,8
800,I 99.696,-0.477,9
801,D 99.696,-0.453,9
802,L 99.392,-0.275,7
803,G 99.392,-0.272,7
804,T 99.696,-0.484,9
805,D 99.392,-0.382,8
806,M 99.392,-0.41,8
807,V 99.392,-0.413,8
808,P 99.696,-0.399,8
809,A 99.696,-0.476,9
810,I 100.000,-0.529,9
811,S 100.000,-0.536,9
812,L 100.000,-0.478,9
813,A 100.000,-0.528,9
814,Y 100.000,-0.468,9
815,E 100.000,-0.509,9
816,A 94.225,0.504,1
817,A 98.784,-0.473,9
818,E 100.000,-0.509,9
819,S 100.000,-0.536,9
820,D 100.000,-0.516,9
821,I 100.000,-0.529,9
822,M 100.000,-0.525,9
823,K 99.696,-0.432,9
824,R 100.000,-0.515,9
825,Q 99.088,-0.455,9
826,P 100.000,-0.487,9
827,R 100.000,-0.515,9
828,N 100.000,-0.53,9
829,P 99.696,-0.399,8
830,R 53.799,3.3,1
831,T 52.280,1.05,1
832,D 100.000,-0.516,9
833,K 98.480,-0.433,9
834,L 100.000,-0.478,9
835,V 100.000,-0.527,9
836,N 100.000,-0.53,9
837,E 98.480,-0.438,9
838,R 99.696,-0.452,9
839,L 100.000,-0.478,9
840,I 100.000,-0.529,9
841,S 98.784,-0.49,9
842,M 52.584,0.199,3
843,A 98.480,-0.324,8
844,Y 100.000,-0.468,9
845,G 100.000,-0.476,9
846,Q 100.000,-0.517,9
847,I 100.000,-0.529,9
848,G 100.000,-0.476,9
849,M 99.392,-0.411,8
850,I 98.476,-0.358,8
851,Q 99.390,-0.387,8
852,A 99.390,-0.417,8
853,L 98.780,-0.057,5
854,G 97.859,-0.175,6
855,G 99.694,-0.376,8
856,F 99.390,-0.266,7
857,F 99.390,-0.266,7
858,S 74.695,3.29,1
859,Y 99.390,-0.249,7
860,F 99.390,-0.267,7
861,V 99.390,-0.413,8
862,I 99.085,-0.359,8
863,L 85.933,1.544,1
864,A 99.390,-0.416,8
865,E 99.696,-0.438,9
866,N 99.696,-0.48,9
867,G 100.000,-0.476,9
868,F 98.480,-0.372,8
869,L 97.872,0.17,4
870,P 100.000,-0.487,9
871,S 57.143,3.297,1
872,N 48.328,3.3,1
873,L 99.696,-0.38,8
874,V 89.970,1.083,1
875,G 100.000,-0.476,9
876,I 98.784,-0.299,8
877,R 100.000,-0.515,9
878,L 99.088,-0.172,6
879,N 85.410,2.568,1
880,W 100.000,-0.378,8
881,D 100.000,-0.516,9
882,D 98.176,-0.171,6
883,R 98.176,-0.238,7
884,T 51.672,3.23,1
885,V 55.319,3.3,1
886,N 100.000,-0.53,9
887,D 99.696,-0.453,9
888,L 100.000,-0.478,9
889,E 100.000,-0.509,9
890,D 100.000,-0.516,9
891,S 99.696,-0.493,9
892,Y 100.000,-0.468,9
893,G 100.000,-0.476,9
894,Q 100.000,-0.517,9
895,Q 98.784,-0.252,7
896,W 100.000,-0.378,8
897,T 100.000,-0.532,9
898,Y 99.695,-0.362,8
899,E 100.000,-0.509,9
900,Q 99.695,-0.455,9
901,R 100.000,-0.515,9
902,K 100.000,-0.505,9
903,V 50.305,0.292,3
904,V 99.390,-0.414,8
905,E 100.000,-0.509,9
906,F 96.037,0.164,4
907,T 100.000,-0.532,9
908,C 99.695,-0.351,8
909,H 99.695,-0.435,9
910,T 100.000,-0.532,9
911,A 99.085,-0.476,9
912,F 100.000,-0.474,9
913,F 100.000,-0.474,9
914,V 98.476,-0.352,8
915,S 99.695,-0.493,9
916,I 100.000,-0.529,9
917,V 100.000,-0.527,9
918,V 99.085,-0.474,9
919,V 100.000,-0.527,9
920,Q 100.000,-0.517,9
921,W 100.000,-0.378,8
922,A 99.695,-0.476,9
923,D 100.000,-0.516,9
924,L 61.890,3.075,1
925,I 99.695,-0.478,9
926,I 94.207,0.472,1
927,C 100.000,-0.462,9
928,K 100.000,-0.505,9
929,T 100.000,-0.532,9
930,R 100.000,-0.515,9
931,R 100.000,-0.515,9
932,N 100.000,-0.53,9
933,S 100.000,-0.536,9
934,V 98.165,-0.289,7
935,F 99.694,-0.373,8
936,Q 99.083,-0.455,9
937,Q 100.000,-0.517,9
938,G 100.000,-0.476,9
939,M 99.694,-0.471,9
940,K 85.139,3.281,1
941,N 97.799,-0.365,8
942,K 96.855,0.09,4
943,I 98.428,-0.146,6
944,L 99.057,-0.167,6
945,I 97.484,-0.17,6
946,F 99.057,-0.151,6
947,G 99.057,-0.161,6
948,L 98.742,-0.061,6
949,F 97.799,0.287,3
950,E 99.057,-0.28,7
951,E 99.057,-0.281,7
952,T 99.057,-0.373,8
953,A 97.484,-0.231,7
954,L 99.686,-0.38,8
955,A 99.057,-0.357,8
956,A 98.742,-0.298,8
957,F 96.541,0.503,1
958,L 99.371,-0.206,7
959,S 99.371,-0.441,9
960,Y 99.684,-0.361,8
961,C 93.038,0.906,1
962,P 100.000,-0.487,9
963,G 99.371,-0.272,7
964,M 97.484,-0.138,6
965,D 99.057,-0.311,8
966,V 94.025,0.278,3
967,A 97.484,-0.138,6
968,L 99.371,-0.276,7
969,R 98.742,-0.24,7
970,M 99.057,-0.35,8
971,Y 96.541,0.564,1
972,P 99.686,-0.399,8
973,L 99.057,-0.169,6
974,K 98.113,-0.025,5
975,P 94.481,1.13,1
976,S 84.416,2.51,1
977,W 98.377,0.543,1
978,W 98.377,0.56,1
979,F 97.727,0.3,2
980,C 99.016,-0.114,6
981,A 99.016,-0.353,8
982,F 93.770,0.969,1
983,P 100.000,-0.486,9
984,Y 98.366,0.316,2
985,S 98.366,-0.28,7
986,F 95.098,0.621,1
987,L 98.039,0.173,4
988,I 99.020,-0.354,8
989,F 99.346,-0.263,7
990,V 95.425,0.219,3
991,Y 98.693,-0.014,5
992,D 100.000,-0.515,9
993,E 100.000,-0.507,9
994,I 74.587,3.122,1
995,R 100.000,-0.514,9
996,K 99.016,-0.268,7
997,L 98.361,0.061,4
998,I 80.328,3.269,1
999,L 90.492,2.363,1
1000,R 99.016,-0.307,8
1001,R 98.689,-0.234,7
1002,N 92.131,0.415,2
1003,P 99.342,-0.301,8
1004,G 99.013,-0.162,6
1005,G 98.020,0.237,3
1006,W 93.399,3.071,1
1007,V 93.069,0.655,1
1008,E 94.059,1.307,1
1009,K 84.158,3.295,1
1010,E 94.059,1.368,1
1011,T 92.079,1.115,1
1012,Y 94.020,2.502,1
1013,Y 95.406,0.627,1
