pos,res,accessibility
20,R,291
21,D,110
22,M,126
23,D,30
24,E,146
25,L,118
26,K,85
27,K,84
28,E,124
29,V,94
30,S,32
31,M,151
32,D,20
33,D,11
34,H,3
35,K,104
36,L,47
37,S,56
38,L,77
39,D,92
40,E,95
41,L,1
42,H,59
43,R,172
44,K,109
45,Y,34
46,G,49
47,T,6
48,D,58
49,L,31
50,S,73
51,R,136
52,G,8
53,L,8
54,T,66
55,P,64
56,A,64
57,R,95
58,A,1
59,A,65
60,E,125
61,I,3
62,L,38
63,A,92
64,R,157
65,D,42
66,G,24
67,P,77
68,N,8
69,A,36
70,L,54
71,T,96
72,P,116
73,P,94
74,P,125
75,T,94
76,T,97
77,P,77
78,E,127
79,W,176
80,V,87
81,K,48
82,F,50
83,C,57
84,R,189
85,Q,41
86,L,18
87,F,105
88,G,20
89,G,54
90,F,17
91,S,12
92,M,82
93,L,41
94,L,6
95,W,60
96,I,69
97,G,0
98,A,1
99,I,98
100,L,54
101,C,3
102,F,88
103,L,105
104,A,5
105,Y,58
106,G,47
107,I,82
108,Q,33
109,A,69
110,A,85
111,T,118
112,E,106
113,E,171
114,E,168
115,P,21
116,Q,43
117,N,60
118,D,13
119,N,3
120,L,61
121,Y,115
122,L,18
123,G,0
124,V,71
125,V,72
126,L,7
127,S,23
128,A,42
129,V,24
130,V,0
131,I,65
132,I,112
133,T,28
134,G,0
135,C,43
136,F,65
137,S,8
138,Y,37
139,Y,117
140,Q,11
141,E,59
142,A,8
143,K,53
144,S,10
145,S,53
146,K,117
147,I,36
148,M,40
149,E,102
150,S,74
151,F,31
152,K,94
153,N,144
154,M,109
155,V,57
156,P,72
157,Q,44
158,Q,82
159,A,6
160,L,33
161,V,0
162,I,1
163,R,19
164,N,70
165,G,33
166,E,73
167,K,28
168,M,45
169,S,44
170,I,20
171,N,41
172,A,9
173,E,95
174,E,91
175,V,0
176,V,2
177,V,27
178,G,2
179,D,0
180,L,2
181,V,0
182,E,24
183,V,7
184,K,75
185,G,18
186,G,0
187,D,35
188,R,51
189,I,3
190,P,3
191,A,0
192,D,0
193,L,2
194,R,12
195,I,5
196,I,12
197,S,61
198,A,29
199,N,58
200,G,54
201,C,5
202,K,72
203,V,0
204,D,27
205,N,10
206,S,34
207,S,61
208,L,30
209,T,55
210,G,57
211,E,63
212,S,82
213,E,81
214,P,60
215,Q,80
216,T,48
217,R,8
218,S,24
219,P,33
220,D,103
221,F,95
222,T,59
223,N,75
224,E,120
225,N,24
226,P,14
227,L,15
228,E,103
229,T,0
230,R,92
231,N,0
232,I,1
233,A,1
234,F,2
235,F,15
236,S,13
237,T,0
238,N,6
239,C,0
240,V,46
241,E,57
242,G,17
243,T,9
244,A,6
245,R,73
246,G,1
247,I,0
248,V,0
249,V,9
250,Y,42
251,T,1
252,G,0
253,D,54
254,R,90
255,T,0
256,V,11
257,M,12
258,G,14
259,R,86
260,I,51
261,A,104
262,T,104
263,L,112
264,A,50
265,S,104
266,G,60
267,L,116
268,E,167
269,G,61
270,G,74
271,Q,105
272,T,21
273,P,60
274,I,10
275,A,14
276,A,34
277,E,30
278,I,21
279,E,102
280,H,119
281,F,9
282,I,31
283,H,128
284,I,95
285,I,13
286,T,49
287,G,33
288,V,80
289,A,0
290,V,71
291,F,131
292,L,34
293,G,0
294,V,63
295,S,22
296,F,7
297,F,47
298,I,102
299,L,68
300,S,0
301,L,48
302,I,129
303,L,22
304,E,142
305,Y,52
306,T,80
307,W,199
308,L,52
309,E,50
310,A,0
311,V,40
312,I,2
313,F,1
314,L,31
315,I,14
316,G,3
317,I,1
318,I,10
319,V,2
320,A,3
321,N,7
322,V,4
323,P,5
324,E,11
325,G,1
326,L,7
327,L,64
328,A,4
329,T,0
330,V,27
331,T,25
332,V,0
333,C,3
334,L,29
335,T,6
336,L,31
337,T,2
338,A,7
339,K,77
340,R,96
341,M,4
342,A,22
343,R,205
344,K,82
345,N,79
346,C,3
347,L,13
348,V,9
349,K,55
350,N,57
351,L,16
352,E,63
353,A,4
354,V,0
355,E,3
356,T,9
357,L,4
358,G,2
359,S,5
360,T,0
361,S,31
362,T,10
363,I,4
364,C,4
365,S,3
366,D,7
367,K,2
368,T,14
369,G,0
370,T,0
371,L,1
372,T,0
373,Q,57
374,N,42
375,R,180
376,M,15
377,T,60
378,V,10
379,A,0
380,H,26
381,M,0
382,W,10
383,F,3
384,D,25
385,N,68
386,Q,119
387,I,54
388,H,16
389,E,129
390,A,6
391,D,46
392,T,67
393,T,112
394,E,157
395,N,29
396,Q,169
397,S,62
398,G,13
399,V,10
400,S,82
401,F,37
402,D,85
403,K,100
404,T,108
405,S,16
406,A,57
407,T,0
408,W,3
409,L,80
410,A,9
411,L,0
412,S,5
413,R,27
414,I,0
415,A,1
416,G,0
417,L,0
418,C,0
419,N,1
420,R,48
421,A,0
422,V,49
423,F,19
424,Q,41
425,A,14
426,N,112
427,Q,29
428,E,88
429,N,131
430,L,52
431,P,88
432,I,27
433,L,83
434,K,159
435,R,14
436,A,46
437,V,27
438,A,18
439,G,35
440,D,40
441,A,23
442,S,13
443,E,3
444,S,17
445,A,4
446,L,2
447,L,4
448,K,55
449,C,25
450,I,8
451,E,28
452,L,51
453,C,11
454,C,57
455,G,39
456,S,45
457,V,2
458,K,104
459,E,107
460,M,39
461,R,47
462,E,128
463,R,126
464,Y,11
465,T,80
466,K,75
467,I,77
468,V,17
469,E,18
470,I,51
471,P,21
472,F,80
473,N,30
474,S,27
475,T,75
476,N,58
477,K,14
478,Y,29
479,Q,3
480,L,1
481,S,1
482,I,1
483,H,1
484,K,75
485,N,2
486,P,63
487,N,62
488,T,141
489,A,91
490,E,34
491,P,23
492,R,73
493,H,5
494,L,0
495,L,0
496,V,0
497,M,0
498,K,10
499,G,3
500,A,4
501,P,0
502,E,26
503,R,65
504,I,2
505,L,9
506,D,122
507,R,70
508,C,15
509,S,49
510,S,11
511,I,5
512,L,11
513,I,29
514,H,127
515,G,33
516,K,161
517,E,106
518,Q,71
519,P,99
520,L,21
521,D,74
522,E,134
523,E,128
524,L,9
525,K,78
526,D,89
527,A,20
528,F,9
529,Q,82
530,N,107
531,A,5
532,Y,0
533,L,82
534,E,119
535,L,2
536,G,0
537,G,41
538,L,97
539,G,9
540,E,8
541,R,49
542,V,2
543,L,26
544,G,0
545,F,0
546,C,0
547,H,0
548,L,26
549,F,80
550,L,0
551,P,50
552,D,61
553,E,172
554,Q,134
555,F,3
556,P,74
557,E,122
558,G,64
559,F,44
560,Q,161
561,F,26
562,D,51
563,T,38
564,D,131
565,D,123
566,V,69
567,N,77
568,F,12
569,P,35
570,L,41
571,D,85
572,N,96
573,L,0
574,C,3
575,F,0
576,V,3
577,G,0
578,L,0
579,I,7
580,S,0
581,M,0
582,I,54
583,D,4
584,P,47
585,P,46
586,R,26
587,A,100
588,A,30
589,V,0
590,P,52
591,D,119
592,A,3
593,V,3
594,G,26
595,K,117
596,C,2
597,R,71
598,S,71
599,A,1
600,G,32
601,I,3
602,K,42
603,V,5
604,I,0
605,M,1
606,V,5
607,T,2
608,G,12
609,D,5
610,H,7
611,P,18
612,I,42
613,T,1
614,A,0
615,K,40
616,A,25
617,I,10
618,A,0
619,K,84
620,G,55
621,V,7
622,G,25
623,I,1
624,I,2
625,S,38
626,E,145
627,G,71
628,N,50
629,E,60
630,T,1
631,V,31
632,E,83
633,D,44
634,I,14
635,A,1
636,A,75
637,R,141
638,L,87
639,N,152
640,I,51
641,P,74
642,V,71
643,S,125
644,Q,124
645,V,19
646,N,87
647,P,66
648,R,100
649,D,99
650,A,1
651,K,103
652,A,0
653,C,11
654,V,15
655,V,15
656,H,38
657,G,3
658,S,54
659,D,103
660,L,12
661,K,134
662,D,105
663,M,43
664,T,61
665,S,55
666,E,140
667,Q,101
668,L,3
669,D,18
670,D,53
671,I,30
672,L,4
673,K,92
674,Y,92
675,H,17
676,T,60
677,E,2
678,I,0
679,V,0
680,F,1
681,A,0
682,R,14
683,T,0
684,S,34
685,P,23
686,Q,95
687,Q,27
688,K,6
689,L,26
690,I,48
691,I,0
692,V,2
693,E,40
694,G,0
695,C,6
696,Q,46
697,R,99
698,Q,79
699,G,23
700,A,19
701,I,29
702,V,0
703,A,3
704,V,6
705,T,2
706,G,0
707,D,9
708,G,20
709,V,42
710,N,21
711,D,2
712,S,24
713,P,34
714,A,2
715,L,0
716,K,115
717,K,50
718,A,11
719,D,54
720,I,0
721,G,0
722,V,3
723,A,0
724,M,1
725,G,6
726,I,110
727,A,31
728,G,16
729,S,18
730,D,33
731,V,20
732,S,0
733,K,39
734,Q,86
735,A,11
736,A,4
737,D,41
738,M,4
739,I,7
740,L,1
741,L,31
742,D,58
743,D,10
744,N,46
745,F,3
746,A,27
747,S,3
748,I,8
749,V,19
750,T,36
751,G,0
752,V,1
753,E,75
754,E,9
755,G,0
756,R,16
757,L,15
758,I,7
759,F,4
760,D,9
761,N,6
762,L,4
763,K,1
764,K,2
765,S,2
766,I,3
767,A,5
768,Y,0
769,T,11
770,L,2
771,T,0
772,S,0
773,N,5
774,I,11
775,P,1
776,E,0
777,I,27
778,T,28
779,P,1
780,F,4
781,L,66
782,I,53
783,F,2
784,I,40
785,I,134
786,A,32
787,N,67
788,I,7
789,P,0
790,L,9
791,P,1
792,L,1
793,G,4
794,T,10
795,V,18
796,T,2
797,I,3
798,L,14
799,C,22
800,I,0
801,D,3
802,L,30
803,G,18
804,T,1
805,D,1
806,M,18
807,V,69
808,P,0
809,A,0
810,I,22
811,S,0
812,L,0
813,A,0
814,Y,68
815,E,1
816,Q,57
817,A,25
818,E,13
819,S,96
820,D,41
821,I,13
822,M,27
823,K,162
824,R,32
825,Q,106
826,P,23
827,R,26
828,N,38
829,P,32
830,K,72
831,T,56
832,D,27
833,K,90
834,L,2
835,V,30
836,N,18
837,E,124
838,R,39
839,L,1
840,I,62
841,S,31
842,M,6
843,A,3
844,Y,64
845,G,9
846,Q,2
847,I,1
848,G,0
849,M,47
850,I,3
851,Q,0
852,A,6
853,L,33
854,G,0
855,G,0
856,F,30
857,F,10
858,T,1
859,Y,2
860,F,35
861,V,4
862,I,1
863,L,0
864,A,0
865,E,16
866,N,3
867,G,0
868,F,0
869,L,48
870,P,20
871,I,130
872,H,55
873,L,0
874,L,118
875,G,35
876,L,31
877,R,9
878,V,68
879,N,65
880,W,1
881,D,49
882,D,64
883,R,138
884,W,81
885,I,61
886,N,3
887,D,48
888,V,15
889,E,71
890,D,0
891,S,27
892,Y,16
893,G,0
894,Q,0
895,Q,9
896,W,0
897,T,0
898,Y,37
899,E,17
900,Q,8
901,R,0
902,K,8
903,I,31
904,V,1
905,E,3
906,F,34
907,T,7
908,C,0
909,H,13
910,T,0
911,A,2
912,F,0
913,F,2
914,V,1
915,S,2
916,I,0
917,V,2
918,V,1
919,V,0
920,Q,0
921,W,64
922,A,7
923,D,1
924,L,0
925,V,23
926,I,0
927,C,1
928,K,2
929,T,0
930,R,8
931,R,34
932,N,6
933,S,8
934,V,22
935,F,159
936,Q,119
937,Q,19
938,G,25
939,M,84
940,K,145
941,N,7
942,K,74
943,I,49
944,L,0
945,I,30
946,F,49
947,G,1
948,L,29
949,F,66
950,E,35
951,E,10
952,T,14
953,A,5
954,L,70
955,A,1
956,A,0
957,F,89
958,L,22
959,S,0
960,Y,7
961,C,20
962,P,84
963,G,30
964,M,34
965,G,5
966,V,94
967,A,7
968,L,25
969,R,35
970,M,0
971,Y,36
972,P,15
973,L,1
974,K,5
975,P,65
976,T,61
977,W,6
978,W,40
979,F,129
980,C,13
981,A,0
982,F,88
983,P,63
984,Y,1
985,S,13
986,L,118
987,L,40
988,I,0
989,F,55
990,V,60
991,Y,43
992,D,0
993,E,19
994,V,67
995,R,2
996,K,0
997,L,74
998,I,67
999,I,1
1000,R,60
1001,R,201
1002,R,136
1003,P,95
1004,G,46
1005,G,2
1006,W,59
1007,V,21
1008,E,38
1009,K,102
1010,E,29
1011,T,4
1012,Y,29
1013,Y,1
