position,prediction,distance_to_decision_boundary
0,benign,-3.298085610267604
1,benign,-17.708354013783175
2,benign,-14.646163186436636
3,benign,-10.663886542492792
4,benign,-17.165235830468966
5,benign,-15.695394794126804
6,benign,-14.042010127559124
7,benign,-16.898600594955653
8,benign,-18.132489499037415
9,benign,-22.966301203743214
10,benign,-14.81823420861619
11,benign,-14.65807597731474
12,benign,-9.340656935999059
13,benign,-9.703830224407522
14,benign,-23.589759270665425
15,benign,-8.684425992826547
16,benign,-15.276656475180241
17,benign,-14.77141176688629
18,benign,-23.451771190452355
19,benign,-23.989086827932958
20,benign,-15.023638579533054
21,benign,-6.1276716422948745
22,benign,-15.289087134543076
23,benign,-3.7745149112486533
24,benign,-6.242467629597891
25,benign,-3.2997283996966056
26,benign,-2.4268681731137964
27,benign,-2.2906070872512663
28,benign,-3.128452531512444
29,benign,-2.162376107568241
30,benign,-8.390104631699597
31,benign,-13.267268941805872
32,benign,-0.8387404348825027
33,benign,-0.24249246737657693
34,pathogenic,0.1730803511308192
35,benign,-3.397490057366567
36,benign,-1.7400431067080464
37,benign,-1.961711390093188
38,benign,-6.091971921228757
39,benign,-2.272816058956529
40,benign,-1.9602364622609703
41,benign,-1.1730557631119736
42,benign,-2.892067998363294
43,benign,-4.811182792597792
44,benign,-2.4638431458302423
45,benign,-11.435554016801168
46,benign,-12.813351272836991
47,benign,-0.39276069805248515
48,benign,-1.1871854913646191
49,benign,-11.200627640845948
50,benign,-1.719054852056434
51,benign,-3.37244116262987
52,benign,-0.2798899322964221
53,benign,-0.719665456523648
54,benign,-2.024465765361386
55,benign,-8.570467356213983
56,benign,-7.604188349900895
57,benign,-10.101030849888762
58,pathogenic,0.11056033574040036
59,benign,-10.420936187391115
60,benign,-5.719117155516201
61,benign,-13.542659733622834
62,benign,-0.7223545676636762
63,benign,-12.923266767194365
64,benign,-3.459307079692789
65,benign,-1.025508782939549
66,benign,-0.2473437476856577
67,benign,-3.653902523931615
68,pathogenic,0.13278550113870713
69,benign,-2.903241571022637
70,benign,-1.313995664193993
71,benign,-2.346151245441716
72,benign,-2.8890812479867503
73,benign,-2.4601033048679106
74,benign,-2.993455767735584
75,benign,-2.050387585952489
76,benign,-2.249554419170469
77,benign,-1.5491913483876028
78,benign,-2.8518040737255395
79,benign,-3.923383867552051
80,benign,-5.586842457181951
81,benign,-0.5038674634548308
82,benign,-0.42106039817583785
83,benign,-0.6699943574374723
84,benign,-3.9109116556587926
85,benign,-0.3224498723566014
86,pathogenic,0.3594466128238851
87,benign,-1.8333139097212872
88,benign,-0.04671487874961944
89,benign,-0.439161436474393
90,pathogenic,0.41385388023933123
91,pathogenic,0.38014520562807164
92,benign,-4.238054905863121
93,benign,-0.1563215637943589
94,pathogenic,0.7317711624938887
95,benign,-0.6133056611249135
96,benign,-10.565947204581931
97,pathogenic,0.9693004253179844
98,pathogenic,1.204000494315217
99,benign,-1.1598959552122563
100,pathogenic,0.1752374889335786
101,pathogenic,1.3826951877329554
102,benign,-0.4799275508540637
103,benign,-1.8139595342007353
104,pathogenic,1.6360536827107612
105,pathogenic,0.2905928333028145
106,benign,-6.2643946604547915
107,pathogenic,0.20069546933303606
108,pathogenic,0.7195422050548199
109,benign,-0.07451975284001433
110,benign,-8.159145254619085
111,benign,-1.54356482278906
112,benign,-0.18590506146150254
113,benign,-3.520822841916698
114,benign,-11.920604427670447
115,pathogenic,1.8964779536123082
116,benign,-7.946821003683506
117,benign,-4.654750097607627
118,pathogenic,2.289453654887973
119,pathogenic,2.3005927501451833
120,pathogenic,0.628348973569473
121,benign,-0.6183984517513448
122,pathogenic,1.3529651866527073
123,pathogenic,1.7803540581643595
124,pathogenic,0.12040272750419945
125,pathogenic,0.14777925940090597
126,pathogenic,1.492325427181417
127,benign,-8.262760654288488
128,benign,-0.4330778000113997
129,pathogenic,0.9178191712663377
130,pathogenic,1.4289609486958343
131,benign,-6.6634524925535334
132,benign,-2.4398277012444765
133,pathogenic,0.49750629233151056
134,pathogenic,1.0624208763372103
135,benign,-0.008081553588927815
136,benign,-0.6621507905824056
137,pathogenic,0.6956469961817393
138,benign,-0.0855072874361662
139,benign,-9.361144513850716
140,pathogenic,0.3335119845039598
141,benign,-1.1153199816319188
142,pathogenic,0.3153876575550072
143,benign,-1.1411580235982706
144,benign,-0.16917172800904812
145,benign,-0.8566654151525994
146,benign,-2.5935914402815543
147,benign,-0.739582560196943
148,benign,-0.8664435359734044
149,benign,-2.387241444675025
150,benign,-1.712892256617267
151,benign,-0.997795000537224
152,benign,-2.4804294432217366
153,benign,-3.7382155175308123
154,benign,-2.865604349232518
155,benign,-1.6764231373890508
156,benign,-2.0641095433876453
157,benign,-1.474135202914197
158,benign,-3.333900391123252
159,benign,-0.6678694314100209
160,benign,-1.862105133602229
161,benign,-1.491714512836559
162,benign,-0.6397901251108071
163,benign,-1.0751204883859513
164,benign,-2.3457799650360633
165,benign,-1.1683144718117768
166,benign,-2.1135347678846026
167,benign,-0.8078846198893224
168,benign,-7.420519138415824
169,benign,-1.8552424548964688
170,benign,-9.603328358586854
171,benign,-1.8268630931422973
172,benign,-0.8560396100447831
173,benign,-3.3761353096016062
174,benign,-8.87037358080224
175,benign,-0.5192198590763195
176,benign,-0.4726395689701861
177,benign,-8.066658863012194
178,benign,-0.3499758951472969
179,benign,-0.054006056743491015
180,benign,-0.09007223821500876
181,benign,-5.247389585544584
182,benign,-0.821523260744778
183,benign,-7.168275649481059
184,benign,-2.240677406725991
185,benign,-1.3220274599148998
186,benign,-0.8897575664976136
187,benign,-1.798308206542421
188,benign,-2.4379467819220912
189,benign,-7.067954634442838
190,benign,-1.13451448513989
191,benign,-0.8473675659860467
192,benign,-0.808173775078616
193,benign,-6.397383532790387
194,benign,-0.7665591785636496
195,benign,-5.718320312078813
196,benign,-11.048011355074825
197,benign,-1.6010589785885665
198,benign,-7.930065026334232
199,benign,-1.8125632392791184
200,benign,-2.0919791029195487
201,benign,-1.4166857532471888
202,benign,-3.4095512765104257
203,benign,-1.1847571675182675
204,benign,-1.8885407602268889
205,benign,-1.4454009301312638
206,benign,-1.9179655562010223
207,benign,-2.634141012862888
208,benign,-1.915484537945194
209,benign,-2.232032194220854
210,benign,-2.46626619763991
211,benign,-2.308813165828238
212,benign,-2.563393892642101
213,benign,-2.769601966694026
214,benign,-1.9561425203744311
215,benign,-2.9914252844946843
216,benign,-8.67845041760156
217,benign,-0.9963693508431897
218,benign,-1.245257096469778
219,benign,-1.614230287151502
220,benign,-4.158971534746248
221,benign,-4.2717862383232745
222,benign,-1.6161013717469723
223,benign,-2.613760181601413
224,benign,-4.7700634645641955
225,benign,-0.9262445780940376
226,benign,-0.8027079993366515
227,benign,-0.7162048339360965
228,benign,-2.707954061552384
229,benign,-0.34306826340424257
230,benign,-3.0528720818649817
231,benign,-0.5135715578750455
232,benign,-6.805027835331753
233,benign,-7.856551601417611
234,benign,-0.9955966262812197
235,benign,-1.3185673446554291
236,benign,-1.1100723660349339
237,benign,-0.7779012734357977
238,benign,-0.9573268074266486
239,benign,-1.253101779113554
240,benign,-2.1274016829245594
241,benign,-2.669797693173253
242,benign,-1.3998969831965047
243,benign,-1.343487314948815
244,benign,-1.2184417894510617
245,benign,-2.677908410259646
246,benign,-1.5220604979537018
247,benign,-8.935092132101165
248,benign,-0.7887615117966618
249,benign,-6.275804147337188
250,benign,-12.586198051501952
251,benign,-0.1804186071473297
252,benign,-0.1035248293865827
253,benign,-1.2982264873700617
254,benign,-3.112111489571774
255,benign,-0.04543110541298745
256,benign,-0.7165133371374859
257,benign,-0.16574279091316457
258,benign,-0.4836282386146824
259,benign,-2.0709576314103537
260,benign,-1.3532132146463458
261,benign,-2.457089616514139
262,benign,-4.450297447642891
263,benign,-2.6140385677361406
264,benign,-8.715192736024887
265,benign,-2.317690505899371
266,benign,-1.5727555972560991
267,benign,-3.0311815102937256
268,benign,-8.134616258883582
269,benign,-9.374726594963564
270,benign,-2.1451065863704177
271,benign,-3.020574984194776
272,benign,-0.8426454890225545
273,benign,-1.8052187334923724
274,benign,-0.44510842103105386
275,benign,-0.6999440917879012
276,benign,-13.18120601111946
277,benign,-1.1177757442688523
278,benign,-0.47640006336514795
279,benign,-2.342592374996687
280,benign,-2.608584269698738
281,benign,-0.03196098466393771
282,benign,-0.3859201595045354
283,benign,-9.526696731464364
284,benign,-9.581879623335613
285,pathogenic,0.3103621142216628
286,benign,-0.4637848075262814
287,benign,-0.4488224840979338
288,benign,-0.9995538037511733
289,pathogenic,0.9343767703480896
290,benign,-0.6277738479079675
291,benign,-1.99836437728291
292,pathogenic,0.30915600578581337
293,pathogenic,1.191349864836281
294,benign,-5.591760560393883
295,benign,-9.031897735229986
296,pathogenic,1.2801305597904737
297,pathogenic,0.45492817158430343
298,benign,-10.925444986091646
299,pathogenic,0.135675506514084
300,benign,-2.806865652099141
301,benign,-10.650575573575411
302,benign,-8.749474145391435
303,pathogenic,1.512899358673736
304,benign,-1.14921656749137
305,pathogenic,1.01029317509242
306,benign,-11.099455208804875
307,benign,-2.3826713275173557
308,pathogenic,1.046784812165166
309,pathogenic,0.7960365877431155
310,pathogenic,2.278278840901473
311,pathogenic,1.162766907789543
312,pathogenic,2.08381888694667
313,pathogenic,1.9236820867944164
314,pathogenic,1.0819172796980014
315,pathogenic,1.5309379642725487
316,pathogenic,1.677954019757883
317,pathogenic,1.6704973357200341
318,pathogenic,1.344691229130286
319,pathogenic,1.5451583474930493
320,pathogenic,1.4465757310362841
321,pathogenic,1.1831069620830266
322,pathogenic,1.1845002051280438
323,pathogenic,1.1263138473226122
324,pathogenic,0.8977033721838028
325,pathogenic,0.9116605767709425
326,pathogenic,0.6376767410369126
327,benign,-0.6837429203951029
328,pathogenic,0.6861123297149199
329,pathogenic,0.6000967751962172
330,benign,-0.10869346241541855
331,benign,-0.005498582802118346
332,pathogenic,0.49174160627612773
333,pathogenic,0.11060668028803633
334,benign,-0.46012546495467976
335,pathogenic,0.21276390766475117
336,benign,-1.3076640781109963
337,benign,-0.003191959080723894
338,benign,-0.03212186705768705
339,benign,-1.6951505641272873
340,benign,-2.327705702706588
341,benign,-0.22964334769908712
342,benign,-0.5308561791130955
343,benign,-10.563483757435973
344,benign,-2.2639368346338644
345,benign,-2.086572555191692
346,benign,-0.36635152650062874
347,benign,-0.759179455253989
348,benign,-0.6882285787916389
349,benign,-1.900113022633556
350,benign,-2.006949298285122
351,benign,-1.0228860404036397
352,benign,-2.0401975528841496
353,benign,-0.5059459807149289
354,benign,-0.649470611511608
355,benign,-0.6555849514894847
356,benign,-0.9568872436257059
357,benign,-0.5895108723466289
358,benign,-0.41130065970341834
359,benign,-0.5176711743860827
360,benign,-0.5307179188311801
361,benign,-1.062068433882862
362,benign,-0.5614443537037168
363,benign,-0.6052306170531665
364,benign,-0.6957224118087848
365,benign,-0.7318841090063124
366,benign,-1.0236150892636617
367,benign,-1.0971446545111234
368,benign,-1.4377521288124413
369,benign,-1.3500140136629277
370,benign,-1.1728588505941313
371,benign,-1.325082300926808
372,benign,-1.1970965552207555
373,benign,-2.499911056700148
374,benign,-1.9800734402270708
375,benign,-5.182940596854976
376,benign,-1.2798316706897366
377,benign,-2.417769123169442
378,benign,-1.0894351465562702
379,benign,-0.9274888607443812
380,benign,-1.3665674608509566
381,benign,-1.2127158124613664
382,benign,-1.2960598018626581
383,benign,-0.5814653885107537
384,benign,-1.1087639017708846
385,benign,-2.208007762774952
386,benign,-3.218630258963156
387,benign,-1.4528848233174099
388,benign,-1.27206382129807
389,benign,-3.465197309706684
390,benign,-0.501091242742967
391,benign,-1.3446350506811466
392,benign,-1.9085662694362657
393,benign,-2.9964044435876453
394,benign,-4.232059699345028
395,benign,-1.3801384463719288
396,benign,-4.406634363245699
397,benign,-1.6764800044604307
398,benign,-0.47412867319359187
399,benign,-10.947421529603654
400,benign,-5.018614007811273
401,benign,-0.9615967373859506
402,benign,-2.4606518880966126
403,benign,-2.3016886056029833
404,benign,-4.559258526290755
405,benign,-0.12648958095870588
406,benign,-16.801011498085117
407,benign,-0.2367267376774107
408,benign,-0.1651384467482302
409,benign,-13.349104394908696
410,benign,-11.5115757732196
411,benign,-0.21408981593284881
412,benign,-8.866278248015698
413,benign,-7.179502150796048
414,benign,-10.490882960226351
415,benign,-0.3730456972011873
416,benign,-12.269956052590866
417,benign,-0.5871405370079215
418,benign,-0.7285006544209578
419,benign,-0.5269366049784274
420,benign,-1.7457140756449963
421,benign,-0.6883264180951989
422,benign,-8.557622459461534
423,benign,-1.3180171441732753
424,benign,-3.90060857540455
425,benign,-7.909214766316731
426,benign,-7.867567792766444
427,benign,-2.0518584744569033
428,benign,-11.598350395594647
429,benign,-17.20716529455873
430,benign,-15.559453837146984
431,benign,-10.536756140813738
432,benign,-6.773314880811812
433,benign,-2.1469946069016794
434,benign,-3.7694244195822644
435,benign,-0.5803386633643024
436,benign,-5.402280908521583
437,benign,-1.4194334115983203
438,benign,-0.8421164511085086
439,benign,-1.417246418468415
440,benign,-1.6041098050147053
441,benign,-1.31335084170976
442,benign,-1.2409057375493018
443,benign,-1.3012377989531494
444,benign,-1.4048529160921128
445,benign,-1.0990079067273375
446,benign,-1.0412514316554544
447,benign,-0.9848266189375976
448,benign,-2.0581681980143895
449,benign,-1.5956295830504852
450,benign,-0.8643760388169581
451,benign,-1.1743430166183817
452,benign,-1.8847377137652388
453,benign,-0.8403132644425511
454,benign,-8.938066927741282
455,benign,-1.534501205132337
456,benign,-5.427502120520667
457,benign,-0.49633903918313793
458,benign,-8.300395796783933
459,benign,-18.19614149480286
460,benign,-4.8044092401248
461,benign,-1.3303424748215311
462,benign,-13.800794825715318
463,benign,-14.145210444163101
464,benign,-2.1392383222856552
465,benign,-2.74086929003603
466,benign,-1.7599000983274689
467,benign,-2.2917129932061124
468,benign,-1.2023610035276537
469,benign,-0.7664370379318348
470,benign,-1.4469621242721682
471,benign,-1.0004466893053356
472,benign,-2.5953747651464036
473,benign,-1.5098744857922295
474,benign,-1.6416217534584145
475,benign,-2.852751631889782
476,benign,-2.5767291602957165
477,benign,-1.7021362317314095
478,benign,-2.020251235368195
479,benign,-1.2493853785382991
480,benign,-1.5545922173128521
481,benign,-1.0968665501935528
482,benign,-9.366433622331076
483,benign,-0.8080467202457149
484,benign,-3.1043773277582605
485,benign,-4.513878550783992
486,benign,-3.678798107014627
487,benign,-6.166268519745094
488,benign,-14.113638114802129
489,benign,-7.93390118980135
490,benign,-4.088956843171424
491,benign,-3.5043560618879788
492,benign,-6.547265918975622
493,benign,-0.15353960775351805
494,benign,-0.5797541303783535
495,pathogenic,0.08869611847945791
496,benign,-0.1281965368061715
497,benign,-0.4730307270008356
498,benign,-0.6397069095726633
499,benign,-0.6894714685694843
500,benign,-0.8179648680527007
501,benign,-1.090461864992701
502,benign,-1.6598277796409326
503,benign,-2.5628386744674607
504,benign,-0.8784707446565885
505,benign,-1.0719831663045434
506,benign,-4.6296072955826135
507,benign,-3.8763689082234256
508,benign,-1.2395016324280055
509,benign,-12.508789096188465
510,benign,-1.2506043132605078
511,benign,-0.5833249867555079
512,benign,-12.49615490283482
513,benign,-12.972016484495395
514,benign,-6.596477054549297
515,benign,-0.9096384854982511
516,benign,-4.855168072496523
517,benign,-2.2658219814896423
518,benign,-2.0132727308268894
519,benign,-3.8267177181238834
520,benign,-6.98275795929624
521,benign,-1.9642559296969146
522,benign,-8.893128041037677
523,benign,-3.1704259778831902
524,benign,-9.193441170237499
525,benign,-3.3660110823182356
526,benign,-3.6394691520252795
527,benign,-1.942335566457412
528,benign,-0.5231473718016189
529,benign,-2.308912472766785
530,benign,-4.45125272942551
531,benign,-0.4683466351081662
532,benign,-0.509251342709804
533,benign,-7.856010276665846
534,benign,-3.158648146503497
535,benign,-0.7008003900573347
536,benign,-0.5598843215166838
537,benign,-1.4124428365383142
538,benign,-3.0228621855725035
539,benign,-0.9765292192548127
540,benign,-0.7541120343670886
541,benign,-1.6678278914069153
542,benign,-0.7546445971670712
543,benign,-1.4415699021655235
544,benign,-1.0101567412066315
545,benign,-1.132102230136434
546,benign,-1.5959960452657382
547,benign,-0.9993888131402349
548,benign,-15.387717447556364
549,benign,-16.512859713075706
550,benign,-10.86902719916838
551,benign,-2.1465586296521693
552,benign,-2.6140356043719084
553,benign,-10.680201774472843
554,benign,-10.170697444422416
555,benign,-9.319225460526916
556,benign,-1.8448230149225098
557,benign,-3.4851006306173837
558,benign,-1.759773366965005
559,benign,-0.781096606581904
560,benign,-3.992107071094787
561,benign,-0.42068849741057
562,benign,-1.296599158833477
563,benign,-9.849319268448237
564,benign,-7.388964381845
565,benign,-3.2651274933146732
566,benign,-4.612295321094607
567,benign,-2.281346271872427
568,benign,-0.7537153721373386
569,benign,-15.180200053878556
570,benign,-1.5440103213161844
571,benign,-8.148225524884666
572,benign,-4.963517877042282
573,benign,-2.6042067679578027
574,benign,-0.5703346892040648
575,benign,-0.3357075711500994
576,benign,-1.663209380485861
577,benign,-0.7181030798643531
578,benign,-1.3487492862986254
579,benign,-1.641333474669495
580,benign,-0.4285922942033835
581,benign,-0.5969135078013839
582,benign,-1.8815902637138322
583,benign,-1.6904249966699192
584,benign,-2.3506829990350697
585,benign,-2.292458307660829
586,benign,-1.879986999214632
587,benign,-3.5448950132494215
588,benign,-1.8685815295140777
589,benign,-1.1398408035178886
590,benign,-2.049263137450319
591,benign,-3.7814951435576734
592,benign,-1.062333947890453
593,benign,-0.906908013998347
594,benign,-1.846507726129178
595,benign,-3.82926544791466
596,benign,-0.7847408195780083
597,benign,-2.381402813480536
598,benign,-2.5039170308179473
599,benign,-0.9872235478521834
600,benign,-1.9631375356847491
601,benign,-1.1918056313091205
602,benign,-2.142354161109579
603,benign,-0.38820153736341156
604,benign,-0.4794935061852743
605,benign,-0.5994343979536287
606,benign,-0.8588588410833662
607,benign,-0.904046332971697
608,benign,-1.3766723252216952
609,benign,-1.280507045440154
610,benign,-1.3999561473935276
611,benign,-1.758659778804411
612,benign,-2.1323076854576386
613,benign,-1.2859673499986095
614,benign,-0.8688152977311676
615,benign,-1.7106907373795202
616,benign,-1.4374183619533905
617,benign,-1.1657604642646437
618,benign,-0.7534724708935387
619,benign,-2.9358044469930826
620,benign,-2.3327108695686065
621,benign,-1.015101118364088
622,benign,-1.231866766892131
623,benign,-0.594974546270431
624,benign,-0.6871357893942807
625,benign,-1.4029255632208555
626,benign,-4.185045716475327
627,benign,-2.2689751828862836
628,benign,-2.2173864784184594
629,benign,-1.6564978320770467
630,benign,-0.09787485299712317
631,benign,-0.9988070915982088
632,benign,-2.1562697902849512
633,benign,-1.4805663626761905
634,benign,-0.6339308487617283
635,benign,-0.3843671621502165
636,benign,-4.58257729934817
637,benign,-3.3010298086069314
638,benign,-2.086137965900235
639,benign,-3.59110217924594
640,benign,-1.0261817501692405
641,benign,-1.644539348168696
642,benign,-1.9189729195025298
643,benign,-6.030845855542026
644,benign,-3.0205073704042653
645,benign,-0.619754115425597
646,benign,-2.2522048248031314
647,benign,-2.116583423105803
648,benign,-2.5306621046311317
649,benign,-2.481196991619912
650,benign,-0.23997347787733148
651,benign,-2.591051493933116
652,benign,-0.248432371577211
653,benign,-1.126298085299059
654,benign,-0.867895618317982
655,benign,-1.1629160807362076
656,benign,-1.6258684044509737
657,benign,-0.8695988342291412
658,benign,-6.4869237807522975
659,benign,-4.99471145153793
660,benign,-1.6925844365889993
661,benign,-4.312497147323588
662,benign,-7.6968457730661655
663,benign,-15.765791265964397
664,benign,-13.003358894969848
665,benign,-12.172555672211667
666,benign,-14.344571297219291
667,benign,-3.4485900827283795
668,benign,-7.6630198624413906
669,benign,-0.8608560186689314
670,benign,-9.315233383903312
671,benign,-6.780558057181238
672,benign,-1.002822487718668
673,benign,-15.051230352549752
674,benign,-2.9808758512764415
675,benign,-1.337769329535139
676,benign,-2.1876346654794947
677,benign,-0.3350085722686851
678,benign,-0.6564713702777425
679,benign,-0.6739698429473993
680,benign,-1.0397822552433909
681,benign,-0.8938833296179771
682,benign,-1.3960932729985047
683,benign,-1.1629294391553064
684,benign,-1.9958454330933897
685,benign,-1.7369168738295686
686,benign,-3.580674685624379
687,benign,-1.8630032995132177
688,benign,-1.4656828852435924
689,benign,-1.8163826398555265
690,benign,-2.394814421968989
691,benign,-1.2775137516017454
692,benign,-1.2159286035834598
693,benign,-2.0023787150626102
694,benign,-1.1986390567501723
695,benign,-1.3924128910038251
696,benign,-2.300568354702249
697,benign,-3.5523273236649424
698,benign,-6.58713025023601
699,benign,-1.237779729666995
700,benign,-1.002858095096477
701,benign,-1.3243706322793354
702,benign,-0.3213736531750735
703,benign,-0.5301551990393878
704,benign,-0.6976381157696143
705,benign,-0.7998342385415773
706,benign,-0.967928474432834
707,benign,-1.3080339861557442
708,benign,-1.7072774953424554
709,benign,-2.393182365764406
710,benign,-1.8772874742190027
711,benign,-1.4795129702522578
712,benign,-1.9761692872879064
713,benign,-2.266532572131872
714,benign,-1.4929004304714795
715,benign,-1.3857597313302847
716,benign,-3.880753942043806
717,benign,-4.721467919785287
718,benign,-1.4207292337790998
719,benign,-2.286184193236008
720,benign,-0.9184862376393226
721,benign,-1.0117827202075331
722,benign,-0.8979047216559422
723,benign,-0.8279916058040313
724,benign,-1.035471517362861
725,benign,-1.2609324235022559
726,benign,-3.686481925020683
727,benign,-8.788962407422664
728,benign,-1.431737613732986
729,benign,-1.3635822526889372
730,benign,-1.9046718092207011
731,benign,-1.6861343996987277
732,benign,-1.1891897060755159
733,benign,-1.9960407745245976
734,benign,-3.1264556008572297
735,benign,-1.490599055468047
736,benign,-1.1780518933166395
737,benign,-1.9378426394222232
738,benign,-1.523124088232724
739,benign,-1.1560931515374278
740,benign,-1.0849879182288777
741,benign,-1.6279621742636416
742,benign,-2.253386028351769
743,benign,-1.2027689997064896
744,benign,-1.8067648038658313
745,benign,-1.0353366575545015
746,benign,-1.5029344550266384
747,benign,-0.7986469939980372
748,benign,-1.0944396733496657
749,benign,-1.1552405590642474
750,benign,-1.522017528114402
751,benign,-0.7799692071479636
752,benign,-0.5225161135496135
753,benign,-2.268699120368834
754,benign,-0.8335929454711066
755,benign,-0.525070833907402
756,benign,-0.6238429752791812
757,benign,-0.6316351707313128
758,benign,-0.4122676557852949
759,benign,-0.30962245417701073
760,benign,-0.19665036852685258
761,benign,-0.3724025983430619
762,benign,-0.4718746505899476
763,benign,-0.1517731724285616
764,benign,-0.07468887234566024
765,pathogenic,0.03099156248214774
766,pathogenic,0.05965851258127941
767,pathogenic,0.1571311351226803
768,pathogenic,0.32389021762559045
769,pathogenic,0.3225299422745973
770,pathogenic,0.4476490934937911
771,pathogenic,0.7202292885541004
772,pathogenic,0.7600752424872983
773,pathogenic,0.6898017733092932
774,pathogenic,0.6192236719798045
775,pathogenic,1.1946322673058276
776,pathogenic,0.8151833415839143
777,pathogenic,0.528236492269083
778,pathogenic,0.5704837687093542
779,pathogenic,1.4675195856828411
780,pathogenic,0.8861152932847824
781,pathogenic,0.13151334444801366
782,benign,-10.194634891148846
783,pathogenic,1.817618316362159
784,pathogenic,1.0068370626709129
785,benign,-11.826440653028621
786,benign,-8.7305831592934
787,pathogenic,0.1106770159520134
788,pathogenic,1.8837795110655824
789,pathogenic,2.2998295934801902
790,pathogenic,1.9858968609974408
791,pathogenic,2.022746664549178
792,pathogenic,2.14959307555994
793,pathogenic,1.871031310939193
794,pathogenic,1.7366214022524282
795,pathogenic,1.38103469631716
796,pathogenic,1.9530975319438504
797,pathogenic,1.8099969712837929
798,pathogenic,1.4875077922626967
799,pathogenic,1.0160359154038576
800,pathogenic,1.5799875376339947
801,pathogenic,1.374036465702455
802,pathogenic,0.4687017440818009
803,pathogenic,0.6408588069384735
804,pathogenic,1.2386188200344308
805,pathogenic,1.0404682617197438
806,pathogenic,0.7557166899590544
807,benign,-0.5272293878007526
808,pathogenic,0.885459935219044
809,pathogenic,0.946621142442126
810,pathogenic,0.49995276186156223
811,pathogenic,1.0004462304927477
812,pathogenic,0.7427173208784694
813,pathogenic,0.7135915439739957
814,benign,-0.9338719673028177
815,pathogenic,0.5636747831258964
816,benign,-3.6937972578373177
817,benign,-0.1843694712863373
818,pathogenic,0.18151794605691585
819,benign,-1.808831562815922
820,benign,-0.7062359949920536
821,pathogenic,0.0562523487930755
822,benign,-0.32115888927985736
823,benign,-3.6741688592727795
824,benign,-0.7019522050790254
825,benign,-2.667822586079276
826,benign,-0.5734387712628242
827,benign,-0.5669670368690065
828,benign,-0.9435590841139863
829,benign,-1.163480446711033
830,benign,-17.436720190322305
831,benign,-9.453232109164274
832,benign,-0.7289425444990285
833,benign,-2.1824618817571366
834,pathogenic,0.0785621020124232
835,benign,-0.4994013273194806
836,benign,-0.18817564615121807
837,benign,-2.7530098547405863
838,benign,-0.5636536240229213
839,pathogenic,0.4308372317140625
840,benign,-0.693672832421625
841,benign,-0.044034023670037836
842,benign,-5.445798127096105
843,pathogenic,0.4596911108301738
844,benign,-0.5931594153254611
845,pathogenic,0.7085522613548507
846,pathogenic,0.968486299225134
847,pathogenic,1.1557874612297807
848,pathogenic,1.1649781918025326
849,benign,-0.21356872347247613
850,pathogenic,0.8824270575518285
851,pathogenic,1.0588053627669
852,pathogenic,1.1547585742832007
853,benign,-0.046663243848103164
854,pathogenic,0.9138994373589973
855,pathogenic,1.394825950293538
856,pathogenic,0.6565661326510215
857,pathogenic,1.1260549079501279
858,benign,-8.761981544784506
859,pathogenic,1.4874957252232957
860,pathogenic,0.8442014852265785
861,pathogenic,1.8672242445993543
862,pathogenic,1.9143941769102408
863,benign,-3.933329212701744
864,pathogenic,2.2475331427540652
865,pathogenic,1.9547115040072107
866,pathogenic,2.4524130161613993
867,pathogenic,2.6244030979522854
868,pathogenic,2.012613716803121
869,pathogenic,0.478285465627585
870,pathogenic,2.4215621207118083
871,benign,-12.877548444079459
872,benign,-15.585205206879973
873,pathogenic,2.3489565436773256
874,benign,-4.69879887444947
875,pathogenic,1.9596126714658304
876,pathogenic,1.567839256712384
877,pathogenic,2.4352643501570146
878,pathogenic,0.5429651524334744
879,benign,-7.24757001306969
880,pathogenic,2.3376200876459183
881,pathogenic,1.6042655405803181
882,pathogenic,0.33089898248556215
883,benign,-0.9134665415347887
884,benign,-11.563470975457399
885,benign,-14.39599982076738
886,pathogenic,2.8860369408302766
887,pathogenic,1.920403411857884
888,pathogenic,2.777218132866458
889,pathogenic,1.579937332117881
890,pathogenic,3.3289671221130597
891,pathogenic,2.4788801889649017
892,pathogenic,2.7590207942015628
893,pathogenic,3.0100464568982144
894,pathogenic,3.1103688411060286
895,pathogenic,2.580893071550185
896,pathogenic,3.115576818048992
897,pathogenic,3.344690192523081
898,pathogenic,2.1800895944135306
899,pathogenic,2.7308145659146685
900,pathogenic,2.8405824930516923
901,pathogenic,2.9591765241637127
902,pathogenic,2.6593824078886197
903,benign,-4.3654784559325375
904,pathogenic,2.412004122398904
905,pathogenic,2.5603266111430774
906,pathogenic,0.45201084574591777
907,pathogenic,2.456740601990747
908,pathogenic,1.9696098138386722
909,pathogenic,1.7102614540287835
910,pathogenic,2.38418053913267
911,pathogenic,2.146062625338228
912,pathogenic,2.02408314628876
913,pathogenic,1.9428116998690337
914,pathogenic,1.7415495722649839
915,pathogenic,1.8359035192725788
916,pathogenic,1.8008141978655292
917,pathogenic,1.7861537158125547
918,pathogenic,1.691803923578405
919,pathogenic,1.614187824898174
920,pathogenic,1.5314294600063563
921,benign,-0.14023833097542848
922,pathogenic,1.2419538905781913
923,pathogenic,1.284787950339676
924,benign,-9.590539549156333
925,pathogenic,0.6597802695757586
926,benign,-1.8388281567083584
927,pathogenic,0.8853814208687756
928,pathogenic,0.9347938835838825
929,pathogenic,0.9649516822771438
930,pathogenic,0.6035203883440436
931,benign,-0.07884688657754779
932,pathogenic,0.5161739313059064
933,pathogenic,0.41088775529237953
934,benign,-0.35081551936143107
935,benign,-3.2922666004522814
936,benign,-2.013872950016564
937,pathogenic,0.47133888287006087
938,pathogenic,0.32611993469203115
939,benign,-1.2471380136361825
940,benign,-12.365369409588991
941,pathogenic,0.0236885624240597
942,benign,-2.7963053552622705
943,benign,-1.749400643602732
944,benign,-0.23518327286593266
945,benign,-0.9548549917510885
946,benign,-1.4608168056207123
947,benign,-0.08654297652496856
948,benign,-0.9212342600035837
949,benign,-2.356898420283361
950,benign,-0.6379457086830751
951,pathogenic,0.08398252158704178
952,pathogenic,0.3091091344986463
953,pathogenic,0.45018923915257414
954,benign,-0.6415163872604499
955,pathogenic,0.7589819084389458
956,pathogenic,0.5854101296350005
957,benign,-2.7996650533244027
958,pathogenic,0.7045566475694942
959,pathogenic,1.8003350486081677
960,pathogenic,1.3171406047049015
961,benign,-1.7656928089626627
962,benign,-0.06288848491941978
963,pathogenic,0.7653102774592959
964,pathogenic,0.24970911175595134
965,pathogenic,1.6030119149300504
966,benign,-3.5269007058449797
967,pathogenic,0.8851431408245838
968,pathogenic,1.0361592480468649
969,pathogenic,0.4507200370898614
970,pathogenic,1.4516210639058422
971,benign,-1.1392284822859495
972,pathogenic,1.5427909730401055
973,pathogenic,1.039255681371746
974,pathogenic,0.8429427177660225
975,benign,-2.8058824491618997
976,benign,-7.619415172055693
977,pathogenic,0.09195880963800063
978,benign,-1.019407194871492
979,benign,-2.6023405773248522
980,pathogenic,0.8819745674653596
981,pathogenic,1.4228935048171838
982,benign,-3.1695516109034108
983,pathogenic,0.5684088877471964
984,benign,-0.18471687560661154
985,pathogenic,0.547054732728915
986,benign,-3.106176754630178
987,benign,-0.6548110987773235
988,pathogenic,1.25952549252544
989,benign,-0.16551834769694995
990,benign,-1.767532554428001
991,benign,-0.537061072144204
992,pathogenic,0.9191799060733463
993,pathogenic,0.5286106135395059
994,benign,-11.358402587132748
995,pathogenic,1.0218833569411605
996,pathogenic,0.6373442650257508
997,benign,-1.9366551209764755
998,benign,-10.670929929938108
999,benign,-5.039476142573357
1000,benign,-0.8248764274106744
1001,benign,-4.193692801296434
1002,benign,-5.762980908301312
1003,benign,-1.8913342185441286
1004,benign,-0.8901802777594887
1005,benign,-0.6109334955963959
1006,benign,-8.059696708708202
1007,benign,-3.9176359059870403
1008,benign,-5.446130877034314
1009,benign,-10.726835280635681
1010,benign,-4.9799738973326555
1011,benign,-4.91713187400204
1012,benign,-6.957817479986827
1013,benign,-3.298085610267604
