position,ref,conservation
1,M,0.7945158316406268
2,G,0.9371790020667616
3,D,0.9824519277711112
4,K,0.8150111238565112
5,K,0.8859757577419463
6,D,0.938551053936029
7,D,0.8319095324118801
8,K,0.7747559549940676
9,D,0.5495554557704948
10,S,0.9284164135540327
11,P,0.9357121737013954
12,K,0.9646873928963222
13,K,0.9767803738101648
14,N,0.5205094199517716
15,K,0.9606108006343508
16,G,0.9078052051429096
17,K,0.7709449825913925
18,E,0.5269380908328971
19,R,0.5019053098324561
20,R,0.7716367186900052
21,D,0.9651591061368194
22,L,0.7899248180322935
23,D,0.9461055690062602
24,D,0.9837442966044865
25,L,1.0
26,K,1.0
27,K,0.9908928848590354
28,E,1.0
29,V,1.0
30,A,0.7526096573274288
31,M,0.699826743519053
32,T,0.991265429607357
33,E,1.0
34,H,1.0
35,K,0.9843947243985542
36,M,0.9844463990879841
37,S,0.9844463990879841
38,V,0.9357139758324576
39,E,1.0
40,E,1.0
41,V,1.0
42,C,0.9912950054937786
43,R,0.9844463990879841
44,K,1.0
45,Y,0.8086214524340812
46,N,0.7493369022494709
47,T,1.0
48,D,1.0
49,C,0.748419542207194
50,V,1.0
51,Q,1.0
52,G,1.0
53,L,1.0
54,T,0.9912950054937786
55,H,0.745037738267791
56,S,0.779682735177302
57,K,0.9016432163056086
58,A,1.0
59,Q,0.7189016823814394
60,E,0.9279586879759513
61,I,0.6824029154351936
62,L,1.0
63,A,0.7951665140467649
64,R,1.0
65,D,1.0
66,G,1.0
67,P,0.9573661131573136
68,N,1.0
69,A,0.9672737399983267
70,L,1.0
71,T,1.0
72,P,1.0
73,P,1.0
74,P,1.0
75,T,1.0
76,T,1.0
77,P,1.0
78,E,1.0
79,W,1.0
80,V,0.9357139758324576
81,K,1.0
82,F,1.0
83,C,1.0
84,R,1.0
85,Q,1.0
86,L,1.0
87,F,1.0
88,G,1.0
89,G,1.0
90,F,1.0
91,S,1.0
92,I,0.9622054000906141
93,L,1.0
94,L,1.0
95,W,1.0
96,I,0.845653841063784
97,G,1.0
98,A,1.0
99,I,1.0
100,L,1.0
101,C,1.0
102,F,1.0
103,L,0.9844463990879841
104,A,1.0
105,Y,1.0
106,G,0.770921282486753
107,I,1.0
108,Q,0.9844463990879841
109,A,0.9844463990879841
110,G,0.7573127838238188
111,T,0.9639329713458293
112,E,1.0
113,D,0.9726163858329162
114,D,0.813024935750205
115,P,1.0
116,S,0.7733549013255873
117,G,0.9103982276957648
118,D,1.0
119,N,1.0
120,L,1.0
121,Y,1.0
122,L,1.0
123,G,1.0
124,I,1.0
125,V,1.0
126,L,1.0
127,A,0.6943121712111344
128,A,1.0
129,V,1.0
130,V,1.0
131,I,0.9136164894734132
132,I,1.0
133,T,1.0
134,G,1.0
135,C,1.0
136,F,1.0
137,S,1.0
138,Y,1.0
139,Y,0.7789949599135693
140,Q,1.0
141,E,0.9912950054937786
142,A,1.0
143,K,0.9912950054937786
144,S,0.9912950054937786
145,S,1.0
146,K,1.0
147,I,1.0
148,M,1.0
149,E,1.0
150,S,1.0
151,F,1.0
152,K,1.0
153,N,1.0
154,M,1.0
155,V,1.0
156,P,1.0
157,Q,1.0
158,Q,0.9912950054937786
159,A,1.0
160,L,1.0
161,V,0.9757521509947387
162,I,1.0
163,R,1.0
164,E,1.0
165,G,1.0
166,E,1.0
167,K,1.0
168,M,0.8122596661129624
169,Q,1.0
170,V,0.7342917972318409
171,N,1.0
172,A,1.0
173,E,1.0
174,E,0.8516766802504305
175,V,1.0
176,V,1.0
177,V,0.7612555141137867
178,G,1.0
179,D,1.0
180,L,1.0
181,V,0.8406383006432673
182,E,1.0
183,I,0.7678656778210049
184,K,1.0
185,G,1.0
186,G,1.0
187,D,1.0
188,R,1.0
189,V,0.7789949599135693
190,P,1.0
191,A,1.0
192,D,1.0
193,L,0.8577434090408917
194,R,1.0
195,I,0.8510402053549477
196,I,0.7925945938782291
197,S,1.0
198,A,0.8161855857555673
199,H,1.0
200,G,1.0
201,C,0.9912950054937786
202,K,0.9825953733827061
203,V,0.991265429607357
204,D,0.9912950054937786
205,N,0.9912950054937786
206,S,0.9912950054937786
207,S,0.9912950054937786
208,L,0.9912950054937786
209,T,0.9912950054937786
210,G,0.9912950054937786
211,E,0.9912950054937786
212,S,0.9912950054937786
213,E,0.9912950054937786
214,P,1.0
215,Q,0.991265429607357
216,T,0.8140593329556918
217,R,1.0
218,S,1.0
219,P,1.0
220,D,0.9912950054937786
221,C,0.9912950054937786
222,T,1.0
223,H,0.9912950054937786
224,D,0.9639329713458293
225,N,0.9912950054937786
226,P,0.9912950054937786
227,L,0.9912950054937786
228,E,0.9912950054937786
229,T,0.9912950054937786
230,R,0.9912950054937786
231,N,0.9912950054937786
232,I,0.9050114760642489
233,T,0.7696312148656401
234,F,0.9912950054937786
235,F,0.9912950054937786
236,S,0.9912950054937786
237,T,0.9912950054937786
238,N,0.9912950054937786
239,C,0.9912950054937786
240,V,0.9912950054937786
241,E,0.9912950054937786
242,G,1.0
243,T,1.0
244,A,1.0
245,R,1.0
246,G,0.9912950054937786
247,V,0.7385808479647877
248,V,0.9912950054937786
249,V,0.8426449883484228
250,A,0.7336917245276797
251,T,1.0
252,G,1.0
253,D,1.0
254,R,0.9844463990879841
255,T,1.0
256,V,1.0
257,M,1.0
258,G,1.0
259,R,1.0
260,I,1.0
261,A,1.0
262,T,0.9357139758324576
263,L,1.0
264,A,0.7878361911742683
265,S,1.0
266,G,1.0
267,L,1.0
268,E,0.9397628513717243
269,V,0.7716004985072333
270,G,1.0
271,K,1.0
272,T,1.0
273,P,1.0
274,I,1.0
275,A,1.0
276,I,0.7227160406803117
277,E,0.9912950054937786
278,I,1.0
279,E,1.0
280,H,1.0
281,F,1.0
282,I,1.0
283,Q,0.7811269749749122
284,L,0.7803933727847193
285,I,1.0
286,T,1.0
287,G,1.0
288,V,1.0
289,A,1.0
290,V,1.0
291,F,1.0
292,L,1.0
293,G,1.0
294,V,0.9349525936830912
295,S,0.7580555748500906
296,F,1.0
297,F,1.0
298,I,0.8386671873099498
299,L,1.0
300,S,0.8510402053549477
301,L,0.7804691164770121
302,I,0.9395982517305648
303,L,1.0
304,G,1.0
305,Y,1.0
306,T,0.7764705760056373
307,W,1.0
308,L,1.0
309,E,1.0
310,A,1.0
311,V,1.0
312,I,1.0
313,F,1.0
314,L,1.0
315,I,1.0
316,G,1.0
317,I,1.0
318,I,1.0
319,V,1.0
320,A,1.0
321,N,1.0
322,V,1.0
323,P,1.0
324,E,1.0
325,G,1.0
326,L,1.0
327,L,1.0
328,A,1.0
329,T,1.0
330,V,1.0
331,T,1.0
332,V,1.0
333,C,1.0
334,L,1.0
335,T,1.0
336,L,0.9844463990879841
337,T,1.0
338,A,1.0
339,K,1.0
340,R,1.0
341,M,1.0
342,A,1.0
343,R,0.8469906742635736
344,K,1.0
345,N,1.0
346,C,1.0
347,L,1.0
348,V,1.0
349,K,1.0
350,N,1.0
351,L,1.0
352,E,1.0
353,A,1.0
354,V,0.9912950054937786
355,E,0.9912950054937786
356,T,0.9912950054937786
357,L,1.0
358,G,1.0
359,S,1.0
360,T,1.0
361,S,1.0
362,T,1.0
363,I,1.0
364,C,1.0
365,S,1.0
366,D,1.0
367,K,1.0
368,T,1.0
369,G,1.0
370,T,1.0
371,L,1.0
372,T,1.0
373,Q,1.0
374,N,1.0
375,R,1.0
376,M,1.0
377,T,1.0
378,V,1.0
379,A,1.0
380,H,1.0
381,M,0.9912950054937786
382,W,1.0
383,F,1.0
384,D,1.0
385,N,1.0
386,Q,1.0
387,I,1.0
388,H,0.9912950054937786
389,E,1.0
390,A,1.0
391,D,1.0
392,T,1.0
393,T,1.0
394,E,1.0
395,D,1.0
396,Q,1.0
397,S,1.0
398,G,1.0
399,T,0.6891069688332431
400,S,0.9527237227241272
401,F,1.0
402,D,1.0
403,K,1.0
404,S,0.9573661131573136
405,S,1.0
406,H,0.59038237020911
407,T,1.0
408,W,1.0
409,V,0.772532444742046
410,A,0.7837752700485761
411,L,1.0
412,S,0.7887817892852241
413,H,0.7622526823880034
414,I,0.8348293678573446
415,A,1.0
416,G,0.7321201740130685
417,L,1.0
418,C,1.0
419,N,1.0
420,R,1.0
421,A,1.0
422,V,0.8289989279126597
423,F,1.0
424,K,0.9482541912835064
425,G,0.7770678454124792
426,G,0.9270747967684233
427,Q,0.9672737399983267
428,D,0.860059543602298
429,N,0.659108633612546
430,I,0.6544771613353961
431,P,0.882374653637097
432,V,0.7770678454124792
433,L,1.0
434,K,1.0
435,R,1.0
436,D,0.9206088348536111
437,V,1.0
438,A,1.0
439,G,1.0
440,D,1.0
441,A,1.0
442,S,1.0
443,E,1.0
444,S,1.0
445,A,1.0
446,L,1.0
447,L,1.0
448,K,1.0
449,C,1.0
450,I,1.0
451,E,1.0
452,L,1.0
453,S,1.0
454,S,0.7764705760056373
455,G,1.0
456,S,0.8942304807994459
457,V,0.9912950054937786
458,K,0.8577434090408917
459,L,0.5904091750388751
460,M,0.9264333715336454
461,R,1.0
462,E,0.7990313729293609
463,R,0.7737760580563209
464,N,0.9689143344223601
465,K,0.9844463990879841
466,K,1.0
467,V,0.9912950054937786
468,A,0.9783018347855656
469,E,1.0
470,I,1.0
471,P,1.0
472,F,1.0
473,N,1.0
474,S,1.0
475,T,1.0
476,N,1.0
477,K,1.0
478,Y,1.0
479,Q,1.0
480,L,1.0
481,S,1.0
482,I,0.8322054175655753
483,H,1.0
484,E,0.9912950054937786
485,T,0.9098480612527579
486,E,0.9726163858329162
487,D,0.8951315435426653
488,P,0.8047291882221053
489,N,0.8680172253855223
490,D,0.9423162265780076
491,N,0.9215402253620955
492,R,0.8895169677362416
493,Y,1.0
494,L,0.9912950054937786
495,L,1.0
496,V,1.0
497,M,0.9912950054937786
498,K,1.0
499,G,1.0
500,A,1.0
501,P,1.0
502,E,1.0
503,R,1.0
504,I,1.0
505,L,1.0
506,D,0.9912950054937786
507,R,0.9672737399983267
508,C,1.0
509,S,0.8108173391715947
510,T,1.0
511,I,1.0
512,L,0.754294187079923
513,L,0.7479106002203554
514,Q,0.9317821090748886
515,G,1.0
516,K,0.9844463990879841
517,E,1.0
518,Q,0.991265429607357
519,P,0.960929578020822
520,L,0.7789949599135693
521,D,0.9912950054937786
522,E,0.8672660618621988
523,E,1.0
524,M,0.8722959888875728
525,K,0.9672737399983267
526,E,0.9844463990879841
527,A,0.9912950054937786
528,F,1.0
529,Q,1.0
530,N,0.9622054000906141
531,A,1.0
532,Y,1.0
533,L,0.8510402053549477
534,E,1.0
535,L,1.0
536,G,1.0
537,G,1.0
538,L,1.0
539,G,1.0
540,E,1.0
541,R,1.0
542,V,1.0
543,L,1.0
544,G,1.0
545,F,1.0
546,C,0.9912950054937786
547,H,1.0
548,Y,0.6589634523584975
549,Y,0.6579286001962336
550,L,0.8270483624197752
551,P,0.9912950054937786
552,E,0.9912950054937786
553,E,0.7789949599135693
554,Q,0.8295024888054358
555,F,0.7552042213549711
556,P,0.9912950054937786
557,K,0.9844463990879841
558,G,1.0
559,F,1.0
560,A,1.0
561,F,1.0
562,D,1.0
563,C,0.7640595189506503
564,D,0.9102424494681355
565,D,1.0
566,V,0.9301906014289274
567,N,1.0
568,F,1.0
569,T,0.6589374853968566
570,T,1.0
571,D,0.9206088348536111
572,N,0.9602309199352731
573,L,0.9672737399983267
574,C,1.0
575,F,1.0
576,V,0.9825953733827061
577,G,0.9912950054937786
578,L,0.9844463990879841
579,M,0.9844463990879841
580,S,1.0
581,M,1.0
582,I,1.0
583,D,0.9757521509947387
584,P,0.9912950054937786
585,P,0.9912950054937786
586,R,0.9912950054937786
587,A,0.9912950054937786
588,A,0.9912950054937786
589,V,0.9912950054937786
590,P,0.9912950054937786
591,D,0.991265429607357
592,A,0.991265429607357
593,V,0.991265429607357
594,G,0.991265429607357
595,K,0.9825953733827061
596,C,1.0
597,R,0.991265429607357
598,S,0.991265429607357
599,A,0.991265429607357
600,G,0.991265429607357
601,I,0.9739011252894606
602,K,0.9844463990879841
603,V,1.0
604,I,1.0
605,M,1.0
606,V,1.0
607,T,1.0
608,G,1.0
609,D,1.0
610,H,1.0
611,P,1.0
612,I,1.0
613,T,0.9912950054937786
614,A,1.0
615,K,1.0
616,A,1.0
617,I,1.0
618,A,1.0
619,K,1.0
620,G,1.0
621,V,1.0
622,G,1.0
623,I,1.0
624,I,1.0
625,S,1.0
626,E,1.0
627,G,1.0
628,N,0.9844463990879841
629,E,1.0
630,T,1.0
631,V,1.0
632,E,1.0
633,D,1.0
634,I,1.0
635,A,1.0
636,A,0.9499232831949368
637,R,1.0
638,L,1.0
639,N,1.0
640,I,1.0
641,P,1.0
642,V,0.9844463990879841
643,S,0.9115832851039783
644,Q,1.0
645,V,1.0
646,N,1.0
647,P,1.0
648,R,1.0
649,D,1.0
650,A,1.0
651,K,1.0
652,A,0.9912950054937786
653,C,0.9912950054937786
654,V,0.9912950054937786
655,I,0.9912950054937786
656,H,0.9912950054937786
657,G,1.0
658,T,0.89747387080112
659,D,0.960929578020822
660,L,0.9912950054937786
661,K,0.9912950054937786
662,D,0.9440622427702132
663,F,0.6524485803576778
664,T,0.7463734644774827
665,S,0.7044014192221504
666,E,0.8108304786143172
667,Q,0.9912950054937786
668,I,0.7867499026323704
669,D,1.0
670,E,0.7913474877440225
671,I,0.8771809402064167
672,L,0.9912950054937786
673,Q,0.7003872014654833
674,N,0.9912950054937786
675,H,0.9912950054937786
676,T,0.9912950054937786
677,E,1.0
678,I,0.9912950054937786
679,V,0.9912950054937786
680,F,0.9912950054937786
681,A,0.9912950054937786
682,R,0.9912950054937786
683,T,0.9912950054937786
684,S,0.9912950054937786
685,P,1.0
686,Q,0.9912950054937786
687,Q,1.0
688,K,1.0
689,L,1.0
690,I,1.0
691,I,1.0
692,V,1.0
693,E,1.0
694,G,1.0
695,C,1.0
696,Q,0.9912950054937786
697,R,0.9912950054937786
698,Q,0.9357139758324576
699,G,1.0
700,A,1.0
701,I,0.9912950054937786
702,V,1.0
703,A,1.0
704,V,1.0
705,T,1.0
706,G,1.0
707,D,1.0
708,G,1.0
709,V,1.0
710,N,1.0
711,D,1.0
712,S,1.0
713,P,1.0
714,A,1.0
715,L,1.0
716,K,1.0
717,K,0.9482541912835064
718,A,1.0
719,D,1.0
720,I,1.0
721,G,1.0
722,V,1.0
723,A,1.0
724,M,1.0
725,G,1.0
726,I,1.0
727,A,0.7835679559845006
728,G,1.0
729,S,1.0
730,D,1.0
731,V,1.0
732,S,1.0
733,K,1.0
734,Q,1.0
735,A,1.0
736,A,1.0
737,D,1.0
738,M,0.9912950054937786
739,I,1.0
740,L,1.0
741,L,1.0
742,D,1.0
743,D,1.0
744,N,1.0
745,F,1.0
746,A,1.0
747,S,1.0
748,I,1.0
749,V,1.0
750,T,1.0
751,G,1.0
752,V,1.0
753,E,1.0
754,E,1.0
755,G,1.0
756,R,1.0
757,L,1.0
758,I,1.0
759,F,1.0
760,D,1.0
761,N,0.9912950054937786
762,L,0.9912950054937786
763,K,0.9912950054937786
764,K,0.9912950054937786
765,S,0.9912950054937786
766,I,0.9912950054937786
767,A,0.9912950054937786
768,Y,1.0
769,T,1.0
770,L,1.0
771,T,0.9912950054937786
772,S,0.9912950054937786
773,N,0.9912950054937786
774,I,0.9912950054937786
775,P,1.0
776,E,0.9912950054937786
777,I,0.9912950054937786
778,T,0.9912950054937786
779,P,1.0
780,F,0.991265429607357
781,L,1.0
782,L,0.8097542254898801
783,F,1.0
784,I,1.0
785,M,0.7007123602318541
786,A,0.7884677188941096
787,N,0.9912950054937786
788,I,0.9912950054937786
789,P,1.0
790,L,0.9912950054937786
791,P,0.9912950054937786
792,L,0.9912950054937786
793,G,0.9912950054937786
794,T,0.9912950054937786
795,I,1.0
796,T,1.0
797,I,1.0
798,L,1.0
799,C,1.0
800,I,1.0
801,D,1.0
802,L,1.0
803,G,1.0
804,T,1.0
805,D,1.0
806,M,1.0
807,V,1.0
808,P,1.0
809,A,1.0
810,I,1.0
811,S,1.0
812,L,1.0
813,A,1.0
814,Y,1.0
815,E,1.0
816,A,0.9541026391839529
817,A,1.0
818,E,1.0
819,S,1.0
820,D,1.0
821,I,1.0
822,M,1.0
823,K,1.0
824,R,1.0
825,Q,1.0
826,P,1.0
827,R,1.0
828,N,1.0
829,P,1.0
830,R,0.585886540711259
831,T,0.7531818366869703
832,D,1.0
833,K,1.0
834,L,1.0
835,V,1.0
836,N,1.0
837,E,1.0
838,R,1.0
839,L,1.0
840,I,1.0
841,S,1.0
842,M,0.7789949599135693
843,A,1.0
844,Y,1.0
845,G,1.0
846,Q,1.0
847,I,1.0
848,G,1.0
849,M,0.9912950054937786
850,I,1.0
851,Q,1.0
852,A,1.0
853,L,1.0
854,G,1.0
855,G,1.0
856,F,1.0
857,F,1.0
858,S,0.8213332920041652
859,Y,1.0
860,F,1.0
861,V,1.0
862,I,1.0
863,L,0.8771972704609085
864,A,1.0
865,E,1.0
866,N,1.0
867,G,1.0
868,F,0.9783018347855656
869,L,1.0
870,P,1.0
871,G,0.7247470298294307
872,N,0.5206210239688316
873,L,1.0
874,V,0.9142140737403035
875,G,1.0
876,I,1.0
877,R,1.0
878,L,1.0
879,N,0.8590736353328525
880,W,1.0
881,D,1.0
882,D,0.9783018347855656
883,R,1.0
884,T,0.7349135106686104
885,V,0.578243163714908
886,N,1.0
887,D,1.0
888,L,1.0
889,E,1.0
890,D,1.0
891,S,1.0
892,Y,1.0
893,G,1.0
894,Q,1.0
895,Q,1.0
896,W,1.0
897,T,1.0
898,Y,1.0
899,E,1.0
900,Q,1.0
901,R,1.0
902,K,1.0
903,V,0.7611609000341869
904,V,0.9912950054937786
905,E,1.0
906,F,0.9912950054937786
907,T,1.0
908,C,0.9912950054937786
909,H,0.9912950054937786
910,T,1.0
911,A,1.0
912,F,1.0
913,F,1.0
914,V,1.0
915,S,1.0
916,I,1.0
917,V,1.0
918,V,1.0
919,V,1.0
920,Q,1.0
921,W,1.0
922,A,1.0
923,D,1.0
924,L,0.7907458342968883
925,I,1.0
926,I,0.9439388662275443
927,C,1.0
928,K,1.0
929,T,1.0
930,R,1.0
931,R,1.0
932,N,1.0
933,S,1.0
934,V,1.0
935,F,1.0
936,Q,1.0
937,Q,1.0
938,G,1.0
939,M,1.0
940,K,0.8631293691081
941,N,0.9821723483390424
942,K,0.9575243241903801
943,I,0.9663874144227899
944,L,0.984076695772456
945,I,0.9752562049483449
946,F,0.9752562049483449
947,G,0.9841306721142403
948,L,0.9752562049483449
949,F,0.9752562049483449
950,E,0.9752562049483449
951,E,0.9752562049483449
952,T,0.9752562049483449
953,A,0.9841306721142403
954,L,0.9911142497323333
955,A,0.9752562049483449
956,A,0.9663874144227899
957,F,0.972077042615243
958,L,1.0
959,S,1.0
960,Y,0.9910521901302541
961,C,0.9661554140797401
962,P,0.9911142497323333
963,G,0.9841306721142403
964,M,0.9752562049483449
965,D,0.9841306721142403
966,V,0.8896833833843788
967,A,0.9752562049483449
968,L,0.9841306721142403
969,R,0.9663874144227899
970,M,0.9752562049483449
971,Y,0.9752562049483449
972,P,0.9911142497323333
973,L,0.9752562049483449
974,K,0.9752562049483449
975,P,0.9655600087532205
976,S,0.8528237683950979
977,W,0.9836874288378803
978,W,0.9746491431111017
979,F,0.9746491431111017
980,C,0.9837442966044865
981,A,0.9837442966044865
982,F,0.9745597811988215
983,P,1.0
984,Y,0.9745597811988215
985,S,0.9746491431111017
986,F,0.9908928848590354
987,L,0.9908274409449694
988,I,1.0
989,F,1.0
990,V,0.9712229955193158
991,Y,1.0
992,D,0.9837442966044865
993,E,0.9837442966044865
994,I,0.7848186657495742
995,R,1.0
996,K,1.0
997,L,0.9836301285343382
998,I,0.8411472406405347
999,L,0.9656288843384333
1000,R,1.0
1001,R,1.0
1002,N,0.9203945918497263
1003,P,1.0
1004,G,1.0
1005,G,1.0
1006,W,0.9590236600556771
1007,V,0.9109444373934099
1008,E,0.9025540425684677
1009,K,0.8850658174538757
1010,E,0.9136684585374558
1011,T,0.8787936052547003
1012,Y,0.9272596571379196
1013,Y,0.905762796120826
