p_pos,n_pos,p_con,n_con,ref_aa,alt_aa,ref_n,alt_n,domain,exon,count,target
947,2993,0.9841306721142403,1.0,2,0,1,1,3,21,18,pathogenic
992,3128,0.9837442966044865,1.0,0,1,1,2,3,22,1,pathogenic
140,573,1.0,1.0,1,2,1,2,4,5,1,pathogenic
358,1226,1.0,1.0,2,1,1,2,4,9,1,pathogenic
805,2567,1.0,1.0,0,1,1,2,3,17,1,pathogenic
597,1944,0.991265429607357,1.0,0,2,1,2,4,13,1,pathogenic
923,2921,1.0,1.0,0,1,1,2,3,20,2,pathogenic
613,1992,0.9912950054937786,0.9793597659404568,1,2,2,2,4,14,2,pathogenic
292,1029,1.0,1.0,2,0,2,1,1,8,1,pathogenic
137,564,1.0,1.0,1,2,2,2,4,5,1,pathogenic
316,1100,1.0,1.0,2,1,1,1,1,8,2,pathogenic
742,2378,1.0,1.0,0,1,1,2,4,16,1,pathogenic
322,1119,1.0,1.0,2,0,2,1,1,8,2,pathogenic
955,3018,0.9752562049483449,0.9784647588246355,2,0,2,1,3,21,1,pathogenic
893,2831,1.0,1.0,2,0,1,1,3,19,1,pathogenic
947,2993,0.9841306721142403,1.0,2,0,1,2,3,21,1,pathogenic
810,2583,1.0,1.0,2,1,2,1,3,18,1,pathogenic
771,2466,0.9912950054937786,1.0,1,2,2,2,4,17,1,pathogenic
363,1242,1.0,1.0,2,1,2,1,4,9,1,pathogenic
773,2472,0.9912950054937786,1.0,1,2,1,2,4,17,1,pathogenic
772,2470,0.9912950054937786,0.9485501049223333,1,0,2,1,4,17,1,pathogenic
756,2421,1.0,1.0,0,1,1,1,4,17,1,pathogenic
986,3111,0.9908928848590354,0.9779403584477842,2,1,2,1,3,22,1,benign
13,192,0.9767803738101648,0.9780296606466663,0,1,1,2,4,2,1,benign
649,2100,1.0,0.9792030254409524,0,2,1,2,4,15,1,benign
114,494,0.813024935750205,1.0,0,1,1,1,4,4,1,benign
507,1674,0.9672737399983267,1.0,0,1,1,1,2,12,7,benign
20,212,0.7716367186900052,0.653790256836263,0,2,2,1,4,2,1,benign
552,1808,0.9912950054937786,0.8109230468143027,0,1,1,2,4,13,1,benign
476,1582,1.0,0.9223106657323543,1,0,2,1,2,11,1,benign
717,2305,0.9482541912835064,0.9225855282367238,0,1,1,2,4,16,1,benign
43,282,0.9844463990879841,0.978717042116724,0,1,1,1,0,3,1,benign
398,1346,1.0,1.0,2,0,1,1,4,9,1,benign
706,2270,1.0,1.0,2,0,1,1,4,16,1,benign
343,1181,0.8469906742635736,0.942157756132733,0,1,2,2,1,9,1,benign
421,1415,1.0,0.9792817144562681,2,1,1,2,2,10,1,benign
463,1541,0.7737760580563209,0.7970114807622144,0,1,2,2,2,11,65,benign
639,2069,1.0,1.0,1,0,1,1,4,14,1,benign
659,2129,0.960929578020822,1.0,0,1,1,2,4,15,2,benign
463,1542,0.7737760580563209,0.9349186046658703,0,1,1,1,2,11,3,benign
489,1621,0.8680172253855223,0.41515682386454467,1,0,2,1,2,12,1,benign
1004,3165,1.0,1.0,2,0,1,1,4,22,1,benign
1000,3152,1.0,0.9453571426618074,0,2,2,1,4,22,1,benign
830,2642,0.585886540711259,0.9109965519303428,0,2,2,1,3,18,1,benign
871,2765,0.7247470298294307,0.4297364082238131,2,1,1,1,3,19,9,benign
977,3083,0.9836874288378803,1.0,1,2,2,1,3,22,1,benign
817,2603,1.0,1.0,2,1,1,1,3,18,1,benign
635,2057,1.0,0.9793597659404568,2,1,1,1,4,14,1,benign
507,1673,0.9672737399983267,0.963062304805557,0,1,2,2,2,12,2,benign
708,2276,1.0,1.0,2,1,1,2,4,16,1,benign
72,368,1.0,1.0,2,1,2,1,0,4,1,benign
471,1565,1.0,0.9792817144562681,2,1,2,1,2,11,1,benign
106,470,0.770921282486753,0.978205952130997,2,1,1,1,4,4,1,benign
820,2612,1.0,1.0,0,1,1,1,3,18,6,benign
340,1172,1.0,1.0,0,1,2,2,1,9,1,benign
636,2060,0.9499232831949368,0.9587339727429023,2,1,1,1,4,14,6,benign
254,914,0.9844463990879841,1.0,0,1,2,2,1,8,1,benign
872,2770,0.5206210239688316,0.7022846604028976,1,0,2,1,3,19,5,benign
